Title,Link,OriginalLink,Description,PubDate,Year,Keyword,FullText,crime_type,age,gender,occupation,incident_count,incident_year,psychological_trigger
"KB손해보험, '반짝반짝 폐지수거 어르신 교통사고 예방 지원' 사업 박차",https://www.joongangenews.com/news/articleView.html?idxno=520704,https://www.joongangenews.com/news/articleView.html?idxno=520704,이와 함께 보이스피싱 등 일상생활에서 발생할 수 있는 금융사기 피해 예방 및 대응 방법에 대한 교육도 진행해 큰 호응을 얻었다. KB손해보험은 폐지수거 어르신들을 위한 생계형 노동 특성상 교통사고 위험을... ,2026-05-20 16:08:00+09:00,2026.0,보이스피싱 피해,기자명 문혜원 기자 입력 2026.05.20 16:06 댓글 0,,,,,,,
[보험 NOW] KB라이프·하나손보·교보생명·KB손보,http://www.wikileaks-kr.org/news/articleView.html?idxno=187630,http://www.wikileaks-kr.org/news/articleView.html?idxno=187630,또한 최근 고령층 피해가 늘고 있는 보이스피싱 등 금융사기 예방 교육도 함께 진행해 생활 안전 지원 범위를 확대했다. 보건복지부가 지난 2023년 발표한 실태조사에 따르면 전국 약 4만2000명의 어르신이 폐지수거를 통해... ,2026-05-20 16:04:00+09:00,2026.0,보이스피싱 피해,"서울 강남구 KB라이프 사옥. [출처=KB라이프] ■ KB라이프, 희망드림봉사단 3기 출범…포용금융 실천 확대 KB라이프가 임직원 참여형 사회공헌 활동을 확대하며 포용금융 실천 강화에 나섰다. 지역사회와의 연결을 기반으로 지속가능한 나눔 문화 확산에 속도를 낸다는 방침이다. 20일 보험업계에 따르면 KB라이프는 서울 강남구 KB라이프타워에서 ‘KB라이프 희망드림봉사단 3기 발대식’을 열고 본격적인 봉사활동 운영에 들어갔다. 이번 발대식은 임직원들의 자발적인 참여로 구성된 19명의 봉사단원을 공식 위촉하는 자리로 마련됐다. 행사에서는 박민하 KB라이프생명사회공헌재단 상임이사 환영사를 시작으로 위촉장 수여와 강남구자원봉사센터 교육 안내, 향후 운영 계획 공유 등이 진행됐다. ‘KB라이프 희망드림봉사단’은 다양한 부서 임직원들이 참여해 지역사회 취약계층과 소외 이웃을 지원하는 사회공헌 프로그램이다. KB라이프는 포용적 성장 가치에 기반해 지역사회와 지속적으로 연결되는 사회공헌 활동을 확대하고 있다. 2기 봉사단은 지난해 ▲삼동보이스 아동 대상 여름 아쿠아리움 나들이 ▲KB골든라이프케어 요양시설 추석맞이 봉사활동 ▲온기우편함 손편지 답장 쓰기 등 다양한 프로그램을 진행했다. 단순 지원을 넘어 정서적 돌봄과 세대 간 교감 확대에 초점을 맞춘 활동이 중심이었다는 설명이다. 특히 고령층과 아동 등 돌봄이 필요한 계층을 대상으로 한 체험형·교감형 봉사활동을 강화하며 사회적 연결망 확대에 기여했다는 평가다. KB라이프는 올해에도 청소년과 어르신을 위한 봉사활동과 지역사회 연계 프로그램을 지속 확대할 계획이다. 임직원 참여 기반 ESG 실천 문화를 강화하고 생명보험업 본연의 사회적 역할을 확대하겠다는 방침이다. KB라이프생명사회공헌재단 관계자는 “희망드림봉사단은 지역사회 곳곳에 따뜻한 손길과 희망을 전하는 활동”이라며 “앞으로도 임직원들이 자발적으로 참여할 수 있는 다양한 사회공헌 프로그램을 확대하고 고객과 지역사회가 함께 성장할 수 있는 포용금융 실천에 앞장서겠다”고 말했다. 서울 종로구 하나손해보험 사옥. [출처=하나손해보험] ■ 하나손보, 박미선과 여성건강보험 캠페인…가입 건당 기부 연계 하나손해보험이 방송인 박미선과 함께 여성 건강 인식 제고와 환우 지원을 위한 기부 연계 보험 캠페인에 나선다. 하나손보는 여성 전용 상품인 ‘무배당 하나더스마트 여성건강보험’ 광고 캠페인을 진행한다고 20일 밝혔다. 이번 캠페인에는 최근 암 치료 경험을 공개한 박미선이 직접 참여해 여성 건강 보장과 환우 응원 메시지를 전달한다. 하나손보는 박미선이 치료 과정에서 느낀 경험과 공감의 메시지를 바탕으로 같은 어려움을 겪고 있는 여성 환우들에게 응원의 뜻을 전하고 싶다는 의사를 밝히며 캠페인 참여가 이뤄졌다고 설명했다. 광고 영상은 오는 5월 말부터 케이블TV 등을 통해 송출될 예정이다. 하나손보는 단순 상품 홍보를 넘어 여성암 환우 지원과 연계한 사회공헌 활동으로 캠페인을 확대한다는 계획이다. 이를 위해 ‘무배당 하나더스마트 여성건강보험’ 가입 건당 3000원씩 적립해 여성암 환우 단체 등에 기부할 예정이다. 연내에는 박미선이 직접 참여하는 환우 지원 행사도 진행할 계획이다. 지난 4월 출시된 ‘무배당 하나더스마트 여성건강보험’은 여성에게 발생 빈도가 높은 암 중심으로 보장을 강화한 상품이다. 통합암 진단비를 최대 14회까지 보장하도록 설계해 최초 진단 이후에도 전이암이나 신규 암 발생 시 추가 보장이 가능하도록 했다. 특히 여성암 중 비중이 높은 유방암 보장을 강화하고 치료 난도가 높은 ‘삼중음성 유방암’ 담보를 새롭게 탑재했다. 다빈치·레보아이 등 로봇수술 장비 활용 수술 보장과 여성생식세포 동결·보존비 보장 등 여성 특화 담보도 함께 마련했다. 하나손보 관계자는 “박미선의 진심 어린 공감과 참여가 캠페인 의미를 더욱 깊게 만들었다”며 “앞으로도 여성 건강에 대한 관심과 응원의 메시지를 전할 수 있는 다양한 활동을 이어가겠다”고 말했다. [출처=교보생명] ■ 교보생명, 임직원 만든 새둥지에 박새 가족 둥지 틀어…도심 생태복원 결실 교보생명 임직원들이 직접 제작·설치한 인공 새둥지에서 최근 박새 가족이 새끼를 부화시키며 도심 생태복원 활동이 실제 성과로 이어지고 있다. 환경 정화를 넘어 숲길 조성과 생물 다양성 보전까지 연계한 ESG 활동이 가시적인 결실을 맺고 있다는 평가다. 20일 보험업계에 따르면 교보생명은 올해 임직원 환경 봉사활동을 ▲도심 생태 보호를 위한 ‘생태 플로깅 및 새집 만들기’ ▲지역사회 역사·문화 플로깅 ▲도심 숲길 조성 등 3개 축 중심으로 확대 운영하고 있다. 가장 눈에 띄는 성과는 도심 생태 보호 활동에서 나왔다. 지난달 교보생명 임직원 30여 명은 경기도 광주시 경안천 습지생태공원을 찾아 야생 조류 번식 환경 조성을 위한 인공 새둥지를 설치했다. 최근 이 가운데 한 둥지에 어미 박새가 자리를 잡고 새끼 9마리를 부화시킨 것으로 확인됐다. 교보생명은 임직원 참여형 환경 활동이 실제 생태 복원으로 이어진 사례라는 점에서 의미가 크다고 설명했다. 교보생명은 단순 쓰레기 수거 중심 플로깅 활동에서 나아가 생태 보전과 환경 교육을 결합한 ESG 프로그램 확대에도 나서고 있다. 2023년부터 운영 중인 ‘역사·문화 플로깅’은 문화해설사와 함께 지역 유산을 탐방하며 주변 환경을 정화하는 참여형 프로그램이다. 올해부터는 생태 테마를 추가해 운영 범위를 확대했다. 지난해에는 전국 임직원 800여명이 참여했으며 올해는 청계천 비오톱(생물서식공간)을 시작으로 여의도 샛강생태공원, 와룡공원, 삼청공원, 백사실계곡 등 도심 생태 거점을 중심으로 활동을 이어갈 계획이다. 임직원 참여 활동은 장기 프로젝트인 숲길 조성 사업으로도 연결된다. 교보생명은 서울 동대문구와 체결한 중랑천 둔치 숲길 조성 업무협약을 바탕으로 플로깅 활동 참여 봉사팀당 2m 길이 메타세쿼이아 나무를 기부하고 있다. 연간 약 280m씩 5년간 숲길을 조성해 오는 2028년까지 총 1.5km 규모의 ‘교보생명 임직원 메타세쿼이아 숲길’을 완성한다는 계획이다. 해외 친환경 활동도 이어지고 있다. 교보생명은 지난 2013년부터 베트남 빈곤 농가 약 7600가구에 야자수와 자몽나무 등 유실수 종묘 30만4000여 그루를 지원해 현지 주민 소득 기반 마련과 환경 보전에 나서고 있다. 교보생명 관계자는 “임직원들의 작은 실천이 도심 숲길 조성과 새 생명 탄생이라는 의미 있는 결과로 이어지고 있다”며 “앞으로도 지속가능경영 철학을 바탕으로 환경과 지역사회가 함께 공존할 수 있는 ESG 활동을 확대해 나가겠다”고 말했다. 서울 강남구 KB손해보험 사옥. [출처=KB손해보험] ■ KB손보, 폐지수거 어르신 교통사고 예방 지원…‘반짝반짝 캠페인’ 9년째 KB손해보험이 폐지수거 어르신들의 교통사고 예방과 취약계층 돌봄 공백 해소를 위한 사회공헌 활동을 이어가고 있다. 20일 보험업계에 따르면 KB손보는 지난 19일 서울 송파경찰서에서 폐지수거 어르신 대상 ‘반짝반짝 캠페인’을 실시했다. 이번 캠페인에서는 폐지수거 어르신들의 이동 환경과 작업 특성을 반영한 교통안전 교육과 함께 안전용품 지원이 이뤄졌다. KB손보는 안전조끼와 야광 밧줄인 ‘단디바’, 장갑, 마스크 등으로 구성된 안전용품 300세트를 전달했다. 또한 최근 고령층 피해가 늘고 있는 보이스피싱 등 금융사기 예방 교육도 함께 진행해 생활 안전 지원 범위를 확대했다. 보건복지부가 지난 2023년 발표한 실태조사에 따르면 전국 약 4만2000명의 어르신이 폐지수거를 통해 생계를 유지하고 있는 것으로 나타났다. 이들의 시간당 평균 수입은 최저임금의 약 13% 수준인 1226원에 불과하다. 특히 폐지수거 어르신들은 생계를 위해 새벽이나 야간 시간대 도로 이동이 잦아 교통사고 위험에 지속적으로 노출돼 있다는 지적이 이어져 왔다. KB손보는 이러한 사회적 문제 해결을 위해 지난 2018년부터 ‘반짝반짝 캠페인’을 운영하고 있다. 단순 물품 지원을 넘어 교통안전 교육과 생활 안전 지원을 병행하며 취약계층 보호 활동을 확대하고 있다는 설명이다. KB손보는 앞으로도 현장 중심 사회공헌 활동을 통해 고령층 안전 사각지대 해소와 돌봄 지원을 강화해 나간다는 방침이다. KB손보 관계자는 “폐지수거 어르신들은 교통사고뿐 아니라 금융범죄에도 취약한 환경에 놓여 있다”며 “현장의 필요에 맞춘 교육과 지원을 통해 보다 안전한 환경에서 생활하실 수 있도록 사회공헌 활동을 지속해 나가겠다”고 말했다. [위키리크스한국=김수영 기자] swimming6176@wikileaks-kr.org 저작권자 © 위키리크스한국 무단전재 및 재배포 금지 김수영 기자 다른기사 보기 facebook 트위터 카카오톡 네이버블로그 유튜브 기자가 쓴 기사 미래에셋생명, 투자손익 급증에 순익 2배 성장…'변액보험 경쟁력' 재확인 미래에셋생명, 투자손익 급증에 순익 2배 성장…'변액보험 경쟁력' 재확인 [보험사 생존법] ② KB라이프, 보험 넘어 요양까지…'시니어 플랫폼' 승부수 [보험사 생존법] ② KB라이프, 보험 넘어 요양까지…'시니어 플랫폼' 승부수 [보험 NOW] KB손보·iM라이프·신한라이프 [보험 NOW] KB손보·iM라이프·신한라이프 [보험사 생존법]① 메리츠화재, 장기人·전속 강화…‘수익성 체질’ 더 단단해졌다 [보험사 생존법]① 메리츠화재, 장기人·전속 강화…‘수익성 체질’ 더 단단해졌다 [인사] 동양생명 [인사] 동양생명 [보험 NOW] 삼성화재·DB손보·삼성생명·KB손보·신한라이프·동양생명 [보험 NOW] 삼성화재·DB손보·삼성생명·KB손보·신한라이프·동양생명",,,,,,2026.0,
"단골 얼굴 멍 자국 유심히 본 편의점주, 60대 가정폭력범 잡았다",https://n.news.naver.com/mnews/article/666/0000107803?sid=102,https://www.kyeonggi.com/article/20260520580276,"또 파주경찰서는 가슴팍 높이의 계곡물에 빠진 치매 노인을 발견해 직접 구조한 시민 D씨와, 은행원으로서 기지를 발휘해 보이스피싱 추가 피해를 예방한 E씨 등에게도 각각 공로를 인정해 신고 포상금을 수여했다.... ",2026-05-20 16:01:00+09:00,2026.0,보이스피싱 피해,"편의점주, 묻는 말에 불안해하자 큰 피해 우려해 대처 경찰, 편의점주에 112 신고 포상금 수여하기로 최종상 파주경찰서장이 가정폭력범 신고를 통해 추가 범죄를 에방하는데 도움을 준 편의점주에게 표상금을 수여했다 .파주경찰서 제공 단골손님의 얼굴에 난 멍을 유심히 지켜본 편의점주의 신고로 60대 가정폭력범이 경찰에 구속됐다. 파주경찰서는 단골손님의 가정폭력 피해를 직감하고 신고해 추가 범죄를 막은 편의점주 B씨에게 112신고 포상금을 수여했다고 20일 밝혔다. 경찰에 따르면 지난 3월 23일 파주시의 한 편의점에 60대 여성 A씨가 방문했다. 편의점주 B씨는 평소 단골손님인 A씨와 인사를 나누며 안부를 묻는 사이였다. 이날 B씨는 A씨의 얼굴에 난 커다란 멍을 발견하고 조심스레 이유를 물었다. 하지만 A씨는 불안한 기색을 보이며 명확한 답변을 피했다. 과거 A씨가 남편의 폭력 문제로 고통받고 있다는 사실을 알고 있던 B씨는 더 큰 피해가 발생할 수 있다고 판단해 즉시 경찰에 신고했다. 조사 결과 A씨는 남편의 심각한 폭력에 시달려 이미 경찰의 가정폭력 고위험군 관리 대상으로 지정된 상태였다. 앞서 경찰은 A씨를 남편과 분리 조치했으나, 경제적 문제와 개인 신상 등의 복합적인 이유로 부부가 다시 교류하게 됐고 이 과정에서 남편의 폭력이 재발해 점차 심해진 것으로 드러났다. A씨는 이러지도 저러지도 못한 채 폭력에 노출된 상황이었다. 사건을 접수한 경찰은 현장 상황을 신속히 파악한 뒤 가해자인 남편 60대 남성 C씨를 구속했다. 한편, 파주경찰서는 세심한 관찰로 자칫 큰 범죄로 이어질 뻔한 가정폭력을 막은 편의점주 B씨의 공로를 인정해 포상금을 지급했다. 또 파주경찰서는 가슴팍 높이의 계곡물에 빠진 치매 노인을 발견해 직접 구조한 시민 D씨와, 은행원으로서 기지를 발휘해 보이스피싱 추가 피해를 예방한 E씨 등에게도 각각 공로를 인정해 신고 포상금을 수여했다. 최종상 파주경찰서장은 “이번 사례는 이웃을 향한 작은 관심과 적극적인 신고가 한 사람의 소중한 안전을 지킬 수 있다는 것을 보여준 공동체 치안의 모범”이라며 “업무보고를 받던 중 이를 인지해 즉각 포상을 지시하고 직접 방문해 수여했다”고 밝혔다. 이어 “위험에 처한 이웃을 외면하지 않고 용기 있게 나서준 시민들께 깊이 감사드린다”며 “앞으로도 안전한 지역사회를 만들기 위해 협력 치안을 더욱 강화하고, 유공 시민에 대한 적극적인 포상도 이어가겠다”고 강조했다.",,,,,,2026.0,
"제주농협, 보이스피싱 막는다… 금융사기 대응 교육 실시",https://www.newsjeju.net/news/articleView.html?idxno=421105,https://www.newsjeju.net/news/articleView.html?idxno=421105,"이번 교육은 최근 보이스피싱, 메신저 사기, 대출사기 등 전기통신금융사기 수법이 지능화·고도화됨에 따라... 교육은 ▲전기통신금융사기 대응 방안 ▲피해구제 환급 절차 등 실무 중심 프로그램으로 진행됐다. 특히... ",2026-05-20 15:58:00+09:00,2026.0,보이스피싱 피해,기자명 조혜영 기자 입력 2026.05.20 15:56 댓글 0,,,,,,,
"경북농협, ‘금융사기 예방교육·우유 소비 캠페인’ 펼쳐",https://n.news.naver.com/mnews/article/662/0000095654?sid=102,https://www.nongmin.com/article/20260520500029,‘경북농협 농심천심(農心天心) 미래교육 봉사단’ 활동의 하나로 연 이번 행사는 최근 고령층을 대상으로 급증하고 있는 보이스피싱 피해를 예방하기 위한 목적이다. 행사에서 봉사단 소속 전문강사가 최근 빈번하게... ,2026-05-20 15:54:00+09:00,2026.0,보이스피싱 피해,고령층 대상 금융사기 예방교육과 우유 나눔 경북농협본부(본부장 김주원)가 18일 칠곡군 왜관읍 ‘어르신의 전당’에서 대한노인회 칠곡군지회 회원 100여명을 대상으로 ‘금융사기 예방교육 및 경북 낙농가 돕기 우유 소비 캠페인’ 펼쳐 호평받았다(사진). ‘경북농협 농심천심(農心天心) 미래교육 봉사단’ 활동의 하나로 연 이번 행사는 최근 고령층을 대상으로 급증하고 있는 보이스피싱 피해를 예방하기 위한 목적이다. 행사에서 봉사단 소속 전문강사가 최근 빈번하게 발생하는 보이스피싱 주요 사례와 실제 피해 유형을 어르신 눈높이에 맞춰 소개했다. 또한 경북대구낙농농협의 우유 제품을 어르신들에게 나눠줬다. 김주원 본부장은 “최근 고령층을 노린 금융사기가 다양화·지능화되고 있는 만큼 예방교육의 중요성이 더욱 커지고 있다”며 “현장 중심의 금융사기 예방교육을 확대해 어르신들의 소중한 자산을 보호하고 농업·농촌의 가치 확산에도 힘쓰겠다”고 밝혔다.,,,,,,2026.0,
"[제주경제소식] 제주은행, 4·3 유족 초청 행사",https://n.news.naver.com/mnews/article/421/0008956610?sid=102,https://www.news1.kr/local/jeju/6172900,공유하며 영업 현장의 대응력을 높이는 데 중점을 뒀다. 한편 지난 1월 제주시농협 서부지점 양정윤 과장과 NH농협은행 노형금융센터 신지원 계장 등이 보이스피싱 피해를 막아 제주경찰청으로부터 감사장을 받기도 했다.,2026-05-20 15:52:00+09:00,2026.0,보이스피싱 피해,"지난 14일 제주은행 노사가 주최한 제주 4·3 유족 초청 행사.(제주은행 제공. 재판매 및 DB 금지) (제주=뉴스1) 홍수영 기자 = 제주은행 노사가 제주 4·3 유족과 영화 '내 이름은'을 함께 관람하며 역사의 의미를 되새기는 시간을 가졌다. 제주은행 노사는 지난 14일 롯데시네마 제주연동점에서 4·3 유족 및 관계자 106명을 초청해 영화를 관람했다고 20일 밝혔다. 이 자리에는 김창범 제주4·3희생자유족회장, 임문철 제주4·3평화재단 이사장, 이희수 제주은행장, 박상현 제주은행 노동조합 위원장, 제주은행 임직원 봉사단 80명 등도 참석했다. 제주은행 관계자들은 유족과 대화를 나누고 음식과 선물을 전달했으며, 임직원들이 직접 작성한 '기억의 메시지' 보드를 통해 4·3유족들에게 마음을 전하기도 했다. 이 행사는  노사 합동 지역사회공헌사업의 일환으로 마련됐다. 한편 정지영 감독이 연출한 영화 '내 이름은'은 여자 이름 같은 자신의 이름을 버리고 싶은 18세 소년 '영옥'과 까맣게 잊힌 1949년 4·3의 아픈 기억을 되찾으려는 어머니 '정순'의 궤적을 따라가며 가장 아픈 비밀에서 가장 찬란한 진실로 나아가는 두 세대의 이야기를 그린 작품이다. ◇제주농협, 금융사기 대응 강화 농협중앙회 제주본부는 지난 18일 '2026년 제주농협 전기통신금융사기 예방 교육'을 실시했다. 도내 농·축협 소비자보호 업무 담당자 등 임직원 100여 명을 대상으로 한 이번 교육은 최근 보이스피싱, 메신저 사기, 대출사기 등 전기통신금융사기 수법이 지능화·고도화됨에 따라 대응 역량을 높이고, 금융소비자 보호 실천 의식을 강화하기 위해 마련됐다. 교육은 △전기통신금융사기 대응 방안 △피해구제 환급 절차 등 실무 중심 프로그램으로 진행됐다. 특히 실제 사례를 바탕으로 금융사기 유형별 대응 방안과 피해구제 실무 절차를 공유하며 영업 현장의 대응력을 높이는 데 중점을 뒀다. 한편 지난 1월 제주시농협 서부지점 양정윤 과장과 NH농협은행 노형금융센터 신지원 계장 등이 보이스피싱 피해를 막아 제주경찰청으로부터 감사장을 받기도 했다.",,,,,,,
"KB손해보험, 폐지수거 어르신 교통안전 지원…'반짝반짝 캠페인' 9년째 ...",https://www.industrynews.co.kr/news/articleView.html?idxno=81271,https://www.industrynews.co.kr/news/articleView.html?idxno=81271,인더스트리뉴스 이주엽 기자  KB손해보험이 폐지수거 어르신들의 교통사고 예방과 금융사기 피해 방지를... 이와 함께 보이스피싱 등 일상생활에서 발생할 수 있는 금융사기 예방 및 대응 방법에 대한 교육도 함께... ,2026-05-20 15:48:00+09:00,2026.0,보이스피싱 피해,기사검색 로그인 회원가입 기사제보 뉴스레터신청,,,,,,,
“통장만 보내지 말고 사람도 보내쇼” 1170억 돈세탁 한·중 조직 덜미...,https://n.news.naver.com/mnews/article/016/0002646117?sid=102,https://biz.heraldcorp.com/article/10742078?ref=naver,이들이 공급한 계좌에 입금된 범죄수익금은 310억원 규모로 대부분 보이스피싱과 투자·리딩사기 피해금이었다. 중국 심천에 거점을 둔 자금세탁 조직 ‘ㄴ’은 별도로 860억원 상당을 세탁한 것으로 파악됐다. “통장만... ,2026-05-20 15:46:00+09:00,2026.0,보이스피싱 피해,"국내·중국 조직 결탁해 1170억 세탁 149명 송치, 7명 구속 코인·법인계좌 이용 수법 확인 20일 박구락 서울경찰청 광역수사단 광역범죄수사대 6계장이 브리핑을 진행하는 모습. 정주원 기자 [헤럴드경제=정주원 기자] 국내 대포통장 유통조직과 중국 심천 기반 자금세탁 조직이 손잡고 1170억원 규모 범죄수익금을 세탁한 사실이 경찰 수사로 드러났다. 조직은 대포통장을 공급하는 데 그치지 않고 조직원을 중국 현지로 보내 범행에 가담시키고 지급정지된 계좌를 다시 쓰기 위해 피해자와 은행에 직접 연락하는 등 치밀한 ‘사후관리’까지 한 것으로 조사됐다. 서울경찰청 광역수사단 광역범죄수사대는 20일 범죄수익은닉규제법 위반 등 혐의로 총 149명을 송치하고 이 가운데 7명을 구속했다고 밝혔다. 핵심 조직원 27명에게는 범죄단체조직·활동 혐의도 적용했다. 경찰은 수사 과정에서 확보한 범죄수익 13억8000만원 상당을 기소 전 몰수·추징 보전했다. 경찰에 따르면 국내 대포통장 유통조직 ‘ㄱ’은 2024년 3월 전북 지역을 중심으로 조직을 꾸려 대포통장을 개설·모집한 뒤 다른 범죄조직에 공급했다. 이들이 공급한 계좌에 입금된 범죄수익금은 310억원 규모로 대부분 보이스피싱과 투자·리딩사기 피해금이었다. 중국 심천에 거점을 둔 자금세탁 조직 ‘ㄴ’은 별도로 860억원 상당을 세탁한 것으로 파악됐다. “통장만 보내지 말고 사람도” 단순 거래서 범죄동맹으로 두 조직은 처음에 단순 대포통장 거래 관계였다. 그러나 중국 조직이 국내 조직에 “통장만 공급하지 말고 실제 인력을 보내면 범죄수익 일부를 나눠주겠다”고 제안하면서 관계가 바뀌었다. 이후 ‘ㄱ’ 조직은 지난해 3월부터 하부 조직원을 중국 현지로 직접 보내 피싱과 자금세탁에 참여시켰다. 세탁액의 3~6%를 수수료로 나누는 구조였다. 경찰은 “1000만원을 세탁하면 국내 조직이 30만~60만원을 가져가는 방식”이라고 설명했다. 피의자들이 촬영한 5만원 권 돈다발의 모습. [서울경찰청 제공] 총책 상당수가 20대였던 점도 특징이다. 국내 조직 총책 두 명은 각각 28세와 29세였고 모두 구속됐다. 중국 조직 측에서는 44세 총책과 22세 관리책이 검거됐다. 검거된 인원은 전원 한국인이었다. 조직은 유령법인을 세우고 허위 임대차계약서·세금계산서·물품공급계약서를 은행에 제출해 신규 계좌의 한도 제한을 해제했다. 내부에서는 은행을 돌며 대포통장을 만드는 과정을 ‘로드’라고 불렀다. 경찰은 실제 범행에 사용된 허위 계약서와 교육 자료를 공개했다. 중국 심천 조직은 대포계좌가 실제 사용 가능한지 확인하기 위해 후원회·협회·조합 등에 후원금 명목으로 1000원~1만원씩 소액 송금을 반복한 것으로 조사됐다. 지급정지 풀고 수사 피하고…치밀한 사후관리 경찰은 브리핑에서 조직의 ‘사후관리’ 방식도 공개했다. 조직원들은 대포통장이 피해 신고로 지급정지되면 은행과 피해자에게 직접 연락해 해제를 시도했다. 경찰이 공개한 음성파일에는 조직원이 은행에 전화해 “정상적으로 거래하는 사업계좌”라고 주장하며 지급정지 해제를 문의하는 내용이 담겼다. 경찰은 “조직 입장에서는 공급한 계좌만 다시 사용 가능해져도 추가 범행에 문제가 없기 때문”이라고 설명했다. 수사에 대비한 대응 시나리오도 마련돼 있었다. 조직은 “대출을 받으려다 속아 계좌를 만들었다”는 취지로 진술하도록 교육했고 실제 조사 과정에서 제출할 목적으로 가짜 텔레그램 대화방까지 사전에 만든 것으로 확인됐다. 자금세탁의 중심은 가상자산이었다. 전체 세탁 방식 가운데 테더(USDT) 코인 송금이 72%로 가장 많았고 상품권 거래 가장 방식이 19%, 기타 계좌이체가 9%였다. 경찰은 해외 거래소와 개인 지갑으로 넘어가면 추적이 어려워 코인을 이용한 세탁이 빠르게 증가하고 있다고 분석했다. 대포통장 개설 관련 유령법인 부동산 임대차 계약서의 모습. [서울경찰청 제공] 이른바 ‘코인 송금 알바’도 대거 동원됐다. 검거된 피의자 149명 중 116명은 조직 핵심이 아니라 수수료를 받고 자신의 계좌로 자금을 받아 코인으로 바꿔 송금한 인원들이다. 가장 많이 이용된 송금책은 2개월 동안 36억원을 세탁하며 3000만원 이상 수수료를 챙긴 것으로 조사됐다. 이번 범행에는 총 80개 계좌가 이용됐으며 법인계좌 62개, 개인계좌 18개였다. 대포통장 한 개 가격은 1500만~2500만원 수준으로 형성돼 있었다. 경찰은 중국에 체류 중인 총책 김모 씨(왕회장)에 대해 인터폴 적색수배와 여권 무효화 조치를 한 상태다. 다만 조직은 기존 심천 거점에서 광저우 일대로 이동한 정황만 확인된 상태로 정확한 소재는 계속 추적 중이라고 설명했다. 경찰 관계자는 “중국 조직을 전부 일망타진한 것은 아니지만 한국에 들어온 조직원과 확보된 휴대전화 등을 단서로 수사를 확대했다”며 “검거되지 않은 나머지 조직원들도 끝까지 추적·검거할 계획”이라고 했다.",기관사칭형,20대,,,149.0,2026.0,
"KB손보, 폐지수거 어르신 안전 공백 줄인다…'반짝반짝 캠페인' 9년째",http://www.newsian.co.kr/news/articleView.html?idxno=89912,http://www.newsian.co.kr/news/articleView.html?idxno=89912,"이와 함께 보이스피싱 등 일상생활에서 발생할 수 있는 금융사기 피해 예방 및 대응 방법에 대한 교육도 진행해 큰 호응을 얻었다. 김규동 KB손해보험 ESG상생금융Unit장은 ""폐지수거 어르신들은 교통사고뿐 아니라 각종... ",2026-05-20 15:44:00+09:00,2026.0,보이스피싱 피해,"KB손해보험이 폐지수거 어르신을 대상으로 교통안전 교육과 안전용품 300세트 지원, 금융사기 예방 교육을 진행하며 9년째 사회공헌 활동을 이어가고 있다. [사진=KB손해보험] ［뉴시안= 송서영 기자］전국에서 폐지수거로 생계를 이어가는 어르신이 약 4만 2000명에 이르는 것으로 나타난 가운데 이들의 안전 문제에 대한 사회적 관심이 커지고 있다. 폐지수거 어르신의 시간당 수입은 1226원으로 최저임금의 13% 수준에 그치는 데다, 생계를 위해 새벽이나 야간에도 도로 위를 이동하는 경우가 많아 교통사고 위험에 상시 노출돼 있다는 지적이다. 이 같은 취약계층 어르신의 안전 공백을 줄이기 위해 KB손해보험이 교통안전 교육과 안전용품 지원을 병행하는 사회공헌 활동을 이어가고 있다. KB손해보험은 폐지수거 어르신의 교통사고 예방을 위한 ‘반짝반짝 캠페인’을 9년째 운영하고 있다고 20일 밝혔다. KB손해보험은 지난 19일, 송파경찰서에서 폐지수거 어르신을 대상으로 ‘반짝반짝 캠페인’을 실시했다. 폐지수거 어르신들의 이동 특성과 작업 환경을 고려한 교통안전 교육을 진행하고, 안전조끼, 단디바(야광 밧줄), 장갑, 마스크 등으로 구성된 안전용품 300세트를 전달했다. 이와 함께 보이스피싱 등 일상생활에서 발생할 수 있는 금융사기 피해 예방 및 대응 방법에 대한 교육도 진행해 큰 호응을 얻었다. 김규동 KB손해보험 ESG상생금융Unit장은 “폐지수거 어르신들은 교통사고뿐 아니라 각종 금융 범죄에도 취약한 환경에 놓여 있다”며, “KB손해보험은 현장의 필요에 맞춘 교육과 지원을 통해 어르신들이 보다 안전한 환경에서 생활하실 수 있도록 사회공헌 활동을 지속해 나가겠다”고 말했다. 키워드 #뉴시안 #KB손해보험 #폐지 #안전 #교통 송서영 기자 금융·경제 ssy@newsian.kr 숫자 너머의 본질을 바라보며, 금융·경제의 오늘을 기록하고 내일을 잇습니다. 기자명 송서영 기자 다른 기사 더보기 KB손보, 폐지수거 어르신 안전 공백 줄인다…‘반짝반짝 캠페인’ 9년째 수협은행, ‘사장님 응원’ 이벤트…가맹점 결제계좌 바꾸면 혜택 하나금융, 17.8조 생산적 금융 본격 집행...제2회 One-IB 마켓 포럼 개최 대법 “CFD 주문도 주가조작 처벌 대상”…라덕연 사건 파기환송 5대 금융지주 “반도체 호황에 성장률 뛰었지만 경기 온도차 여전” 송서영 기자 ssy@newsian.kr 다른기사 보기 저작권자 © 뉴시안 무단전재 및 재배포 금지 개의 댓글 회원로그인 작성자 비밀번호 댓글 내용입력 0 / 400 등록 댓글 정렬 BEST댓글 BEST 댓글 답글과 추천수를 합산하여 자동으로 노출됩니다. 닫기 더보기 댓글삭제 삭제한 댓글은 다시 복구할 수 없습니다. 그래도 삭제하시겠습니까? 비밀번호 삭제 닫기 댓글수정 댓글 수정은 작성 후 1분내에만 가능합니다. 본문 / 400 비밀번호 수정 닫기 내 댓글 모음 닫기",,,,,,2026.0,
“코인·상품권으로 돈세탁”…한중 범죄조직 1170억 세탁망 적발,https://n.news.naver.com/mnews/article/025/0003524632?sid=102,https://www.joongang.co.kr/article/25429947,이들은 보이스피싱과 투자사기 피해금을 대포통장에 모은 뒤 테더코인(USDT)과 상품권 거래 등을 이용해 해외로 빼돌린 것으로 조사됐다. 서울경찰청 광역수사단 광역범죄수사대는 20일 범죄수익은닉규제법... ,2026-05-20 15:40:00+09:00,2026.0,보이스피싱 피해,"경찰에 검거된 대포통장 유통 조직원. 서울경찰청 제공. 중국 자금세탁 조직과 결탁해 1000억원대 범죄수익금을 세탁한 국내 대포통장 유통 조직이 경찰에 무더기로 적발됐다. 이들은 보이스피싱과 투자사기 피해금을 대포통장에 모은 뒤 테더코인(USDT)과 상품권 거래 등을 이용해 해외로 빼돌린 것으로 조사됐다. 서울경찰청 광역수사단 광역범죄수사대는 20일 범죄수익은닉규제법·전자금융거래법 위반 등의 혐의로 국내 대포통장 조직 총책 A씨(29)와B씨(28), 중국 자금세탁 조직 관련 조직원과 코인 송금책 등 149명을 검찰에 송치했다고 밝혔다. 이 가운데 총책과 관리책 등 7명은 구속 송치됐다. 핵심 조직원 27명에게는 형법상 범죄단체조직·활동죄도 적용됐다. 경찰은 중국 광저우와 선전 일대에서 활동하며 자금세탁 조직을 이끈 한국인 총책 김모(48·일명 ‘왕회장’)씨에 대해 인터폴 적색수배를 요청하고 여권 무효화 조치를 했다. 자금 세탁 조직의 범죄 수익. 서울경찰청 제공. 경찰에 따르면 A씨 일당은 2024년 3월 지역 선·후배와 지인들을 끌어모아 조직을 만든 뒤 대포통장을 모집·개설해 보이스피싱 조직 등에 공급했다. 계좌 하나당 최소 1500만원에서 최대 2500만원을 받고 넘겼다고 한다. 경찰이 확인한 대포통장 입금액만 약 310억원 규모다. 대부분 보이스피싱과 투자리딩방 사기 피해금이었다. 이들은 처음엔 중국 선전에 거점을 둔 ‘왕회장’ 조직에 대포통장만 공급했다. 하지만 지난해부터는 국내 조직원들을 중국 현지 사무실로 보내 보이스피싱 범행과 자금세탁 작업에 직접 참여시켰고, 세탁 금액의 3~6%를 수수료로 챙긴 것으로 조사됐다. 범죄수익 세탁 규모는 총 1170억원에 달했다. 이 가운데 860억원은 중국 조직을 통해 세탁된 것으로 파악됐다. 경찰은 수사 과정에서 확보한 범죄수익금 13억8000만원에 대해 기소 전 몰수·추징보전 조치를 했다. 가장 많이 활용된 세탁 수단은 테더코인 송금이었다. 전체 세탁 금액의 72%가 USDT 거래를 통해 이뤄졌다. 조직은 피해금을 국내 거래소에서 가상자산으로 전환한 뒤 해외 거래소와 개인 코인지갑으로 보내 추적을 어렵게 만들었다. 상품권 거래를 통한 세탁 비중은 19%였다. 범행에는 조직폭력배도 가담했다. 경찰 관리 대상인 폭력조직 3곳 소속 조직원 8명은 대포통장을 다른 범죄조직에 유통하고 중간 수수료를 챙겼다. 일부는 직접 조직에 가입해 모집책 역할을 했다. 한국 조직원과 중국 조직원 사이의 대화 내용. 서울경찰청 제공 이들은 은행 거래 제한을 피하려고 ‘유령 법인’을 세운 뒤 허위 세금계산서와 물품공급계약서를 제출해 법인 계좌 이체 한도를 풀었다. 또 “대출을 받으려다 속아서 계좌를 개설했다”는 내용의 가짜 텔레그램 대화 캡처본을 만들어 조직원들에게 배포하기도 했다. 대포통장이 지급정지되면 직접 피해자와 금융기관에 연락해 해제를 요청하는 ‘사후 관리’도 했다. 후원회·협동조합 등에 1만원 이하 소액 후원금을 반복 송금하며 계좌 정상 작동 여부를 확인한 사실도 드러났다. 경찰은 “상품권 거래는 범죄수익 은닉에 악용될 가능성이 크다”며 “고액 거래 시 실명 확인과 금융당국 보고 의무를 부여하는 제도 개선이 필요하다”고 밝혔다.",기관사칭형,,,,,2026.0,
"[보험 트렌드] KB손해보험, 신상품 'KB다이렉트 핏(Fit)테크 건강보험' ...",https://www.ibabynews.com/news/articleView.html?idxno=151486,https://www.ibabynews.com/news/articleView.html?idxno=151486,"이와 함께 보이스피싱 등 일상생활에서 발생할 수 있는 금융사기 피해 예방 및 대응 방법에 대한 교육도 진행해 큰 호응을 얻었다. 2023년 12월 발표된 보건복지부 실태조사에 따르면, 전국 약 4만 2천여 명의 어르신이... ",2026-05-20 15:36:00+09:00,2026.0,보이스피싱 피해,"KB손해보험, 폐지수거 어르신 교통사고 예방 나서... 경찰청, 고령운전자 안전운전을 위한 페달 오조작 방지장치 보급 2차 사업 시행 【베이비뉴스 소장섭 기자】 ‘보험 트렌드’는 아이를 키우는 가정에 도움이 되는 보험 분야의 주요 이슈를 모아 전하기 위해 기획된 코너다. 보험상품 출시, 보장 범위 확대, 제도 변화, 어린이·가족 특화 상품, 보험사의 사회공헌 활동 등 다양한 소식 가운데 가정의 위험 대비와 안정적인 미래 설계에 실질적으로 도움이 되는 정보를 선별해 소개한다. ◇ KB손해보험, 신상품 ‘KB다이렉트 핏(Fit)테크 건강보험’ 출시 KB손해보험(대표이사 사장 구본욱)은 고객의 건강관리 활동을 보험료와 연계한 새로운 건강보험 신상품 ‘KB다이렉트 핏(Fit)테크 건강보험’을 출시했다고 15일 밝혔다. ⓒKB손해보험 KB손해보험(대표이사 사장 구본욱)은 고객의 건강관리 활동을 보험료와 연계한 새로운 건강보험 상품 ‘KB다이렉트 핏(Fit)테크 건강보험’을 출시했다. ‘KB다이렉트 핏(Fit)테크 건강보험’은 건강할수록 보험료 부담이 줄어들고, 필요한 보장만 선택할 수 있는 것이 특징으로, 2030세대 고객의 생활 방식과 니즈를 반영한 상품이다. ‘핏(Fit)테크’는 Fitness(건강관리)와 Fit(개인 맞춤 설계), 여기에 재테크를 결합한 용어로, 건강하게 생활할수록 보험료 부담이 줄어드는 구조를 직관적으로 담았다. 이 상품은 건강 상태에 따라 보험료가 달라지는 구조를 갖췄다. 건강고지를 통해 일정기간(6년~ 10년) 동안 입원·수술 및 3대 질병(암·심근경색·뇌졸중) 이력이 없는 고객은 기존 자사 상품 대비 최대 약 25% 저렴한 보험료로 가입할 수 있다. 또한 가입 이후 더 저렴한 상품으로 전환 가능한 ‘무사고 계약 전환 제도’를 도입해 건강하게 생활할수록 지속적인 보험료 절감이 가능하도록 했다. 이러한 상품 구조는 보험을 ‘미래 대비’가 아닌 ‘현재의 합리적 선택’으로 인식하는 2030세대의 트렌드를 반영한 것이다. KB손해보험은 핏테크 개념을 통해 건강관리와 보험료 절감을 연결한 새로운 형태의 건강보험을 제시했다. 상품 구성 역시 간결하다. 실손보험만으로는 부족하다고 느끼는 2030세대를 위해 질병·상해에 대한 보장을 합리적으로 보완했다. 암 진단, 입원, 수술 등 예기치 못한 상황에 대한 필수 보장과 비만·검진, 암, 뇌·심장, 입·통원·간병, 수술, 생활 속 위험 등 고객이 원하는 보장 패키지를 선택해 가입할 수 있도록 했다. ◇ 일상 질병 보장에 충실한 펫보험, 주목받는 이유 마이브라운 반려동물 의료비 현황 및 주요 청구 질환. ⓒ마이브라운 최근 반려동물 전문 보험사 마이브라운반려동물전문보험㈜(대표 이용환, 이하 마이브라운)이 서울 및 수도권 거주 30~49세 여성 반려동물 보호자 300명을 대상으로 진행한 ‘반려동물 보호자 인식 조사’ 결과에 따르면 연간 2~5회 병원을 방문한다는 응답이 전체의 70% 이상을 차지했다. 병원 방문 목적 역시 예방접종 및 기생충예방 비중이 가장 높았으며, 이어 피부질환, 소화기 질환, 치과 질환처럼 비교적 자주 발생하는 질환 관련 진료 수요가 높은 것으로 나타났다. 의료비 부담 역시 꾸준히 발생하는 것으로 조사됐다. 반려동물 1회 병원 방문 시 지출하는 평균 비용은 약 15만 원이었으며, 연간 병원비는 평균 약 58만 원 수준으로 집계됐다. 특히 반려묘 양육자의 경우 연간 병원비 지출 규모가 상대적으로 더 큰 것으로 조사됐다. 이는 반려동물 의료비가 수술과 같은 특정 상황에서 한 번 크게 발생하는 비용보다, 병원을 방문할 때마다 반복적으로 체감되는 생활비에 가까워지고 있음을 보여준다. 실제로 반려동물이 장난감이나 이물질을 삼켜 병원을 찾거나, 노령 반려동물의 MRI·CT 수요가 증가하는 등 예상치 못한 검사·치료 상황은 보호자들이 자주 경험하는 의료비 부담 요인으로 꼽힌다. 피부질환이나 소화기 질환처럼 자주 병원을 찾게 되는 질환 역시 반복적인 병원비 지출로 이어지는 경우가 많다. 이에 따라 최근 펫보험 시장에서도 큰 수술뿐 아니라 병원을 자주 찾게 되는 검사·진료 영역까지 보장을 넓히는 흐름이 나타나고 있다. 국내 최초 반려동물 전문 보험사 마이브라운은 수의사 출신 전문가가 상품 기획 전 과정을 이끌어 실제 진료 현장에서 자주 발생하는 검사 및 질환 영역까지 보장 범위를 넓혔다. 특히 MRI·CT·내시경 등 실제 병원에서 자주 활용되는 검사 항목과 함께, 경련·췌장염 등 반복적인 치료 및 관리가 필요한 질환 영역까지 보장 범위에 포함한 점이 특징이다. 단순 수술 대비를 넘어 반복적인 병원 이용 상황까지 고려한 ‘올라운더형 보장’ 구조를 강화했다는 설명이다. 실제 보험금 청구 데이터에서도 이러한 흐름은 확인된다. 마이브라운에 따르면 보험금 청구가 가장 많았던 주요 질환은 아토피성·세균·곰팡이성 피부염(10.7%), 외이염·외이도염(10.2%), 장염(5.5%) 순으로 나타났다. 이어 소화관 내 이물, 구토 등 일상에서 비교적 자주 발생하는 질환들도 주요 청구 항목에 포함됐다. 이는 펫보험이 단순히 큰 수술이나 중증 질환에 대비하는 상품이 아니라, 반복적으로 병원을 찾게 되는 생활형 의료 영역에서 보험의 활용도가 높음을 보여준다. 이러한 차별화 전략에 힘입어 마이브라운은 출시 약 7개월 만에 가입자 1만 명을 돌파하는 등 다양한 진료 상황에 유연하게 대응할 수 있는 보험을 원하는 반려동물 보호자들 사이에서 가입 수요가 이어지고 있다. ◇ KB손해보험, 폐지수거 어르신 교통사고 예방 나서…돌봄 공백 해소 지원 지난 19일 폐지수거 어르신을 대상으로 진행된 ‘반짝반짝 캠페인’에서 KB손해보험 김규동 ESG상생금융Unit장과 송파경찰서 이경진 교통과장이 기념촬영을 하고 있다. ⓒKB손해보험 KB손해보험(대표이사 사장 구본욱)은 폐지수거 어르신의 교통사고 예방을 위한 사회공헌 활동인 ‘반짝반짝 캠페인’을 9년째 운영하며 취약계층 돌봄 공백 해소를 위한 활동을 이어가고 있다고 20일 밝혔다. KB손해보험은 지난 19일, 송파경찰서에서 폐지수거 어르신을 대상으로 ‘반짝반짝 캠페인’을 실시했다. 폐지수거 어르신들의 이동 특성과 작업 환경을 고려한 교통안전 교육을 진행하고, 안전조끼, 단디바(야광 밧줄), 장갑, 마스크 등으로 구성된 안전용품 300세트를 전달했다. 이와 함께 보이스피싱 등 일상생활에서 발생할 수 있는 금융사기 피해 예방 및 대응 방법에 대한 교육도 진행해 큰 호응을 얻었다. 2023년 12월 발표된 보건복지부 실태조사에 따르면, 전국 약 4만 2천여 명의 어르신이 폐지수거를 통해 생계를 유지하고 있는 것으로 나타났다. 이들의 시간당 수입은 최저임금의 13% 수준인 1,226원에 불과했다. 특히 어르신들은 생계를 위해 새벽이나 야간 시간대에도 도로를 오가는 경우가 많아 교통사고 위험에 상시 노출돼 있다. 이러한 현실에 주목해 KB손해보험은 지난 2018년부터 폐지수거 어르신을 대상으로 교통사고 예방을 위한 안전 교육과 안전용품 지원을 병행하는 ‘반짝반짝 캠페인’을 운영하고 있다. 이를 통해 어르신들의 일상 속 안전 확보를 지원하며 취약계층 돌봄 공백 해소에 힘쓰고 있다. ◇ 고령운전자 안전운전을 위한 페달 오조작 방지장치 보급 2차 사업 시행 경찰청(청장 직무대행 유재성)은 손해보험협회(회장 이병래), 한국교통안전공단(이사장 정용식)과 공동으로 페달 오조작 방지장치 보급 2차 사업의 장치 설치를 완료하고 사업을 본격 실시한다. 이번 2차 사업은 세 기관이 고령운전자 교통안전 강화를 위해 체결한 업무협약(’24.11)에 따라 추진된 1차 보급 사업(’25.4)의 후속 사업으로, 모집 지역과 대상을 확대하여 진행하였다. 2차 보급사업은 ’25년 12월부터 전국 특별·광역시(세종 제외)를 대상으로 지원자를 모집하였으며, 페달 오조작 사고 예방에 대한 사회적 관심이 높아짐에 따라 이번 사업에는 총 3,192명이 지원하였다. 이 가운데, 총 759명(서울 123명, 부산 108명, 대구 125명, 인천 105명, 대전 113명, 광주 112명, 울산 73명)이 최종 선정되었으며, ’26년 4월 설치를 모두 완료하였다. 앞서 시행된 1차 사업(충북 영동, 충남 서천, 전북 진안, 전남 영암, 경북 성주) 운영 결과, 3개월 간 비정상적 가속으로 인한 페달 오조작 의심 건수를 71회 원천 차단하는 효과가 확인되었으며, 이번 2차 사업에서도 주행 데이터를 분석하여 장치의 효과성을 지속 검증할 예정이다. 경찰청, 손해보험협회, 한국교통안전공단은 이번 사업을 통해 급가속으로 인한 교통사고 예방에 대한 사회적 관심을 높이고, 고령 운전자의 안전한 이동권 확보에 기여할 수 있을 것으로 기대한다. 【Copyrightsⓒ베이비뉴스 pr@ibabynews.com】 저작권자 © 베이비뉴스 무단전재 및 재배포 금지 소장섭 기자 다른기사 보기 Tag #KB손해보험 #마이브라운 #반짝반짝 캠페인 #경찰청 베사모의 회원이 되어주세요! 베이비뉴스는 창간 때부터 클린광고 정책을 유지하고 있습니다.
		이것은 작은 언론으로서 쉬운 선택은 아니었습니다. 그럼에도 불구하고 베이비뉴스는 앞으로도 기사 읽는데 불편한 광고는 싣지 않겠습니다. 베이비뉴스는 아이 낳고 기르기 좋은 세상을 만드는 대안언론입니다.
		저희 기사가 마음에 드셨다면, 좋은 기사 후원하기에 동참해주세요. 여러분의 기사후원 참여는 아름다운 나비효과를 만들 것입니다. 베이비뉴스 좋은 기사 후원하기 1,000원 3,000원 5,000원 10,000원 30,000원 50,000원 베사모회원가입 후원하기 ARS 후원하기 : ☎ 1533-5155 소중한 후원금은 더 좋은 기사를 만드는데 쓰겠습니다.",,,,,,2026.0,
"""화장품·옷 협찬해줄게"" 미성년자 딥페이크 협박 일당 전원 쇠고랑",http://www.dynews.co.kr/news/articleView.html?idxno=851075,http://www.dynews.co.kr/news/articleView.html?idxno=851075,"전화금융사기(보이스피싱) 일당이 경찰에 붙잡혔다. 충남경찰청은 말레이시아 기반 보이스피싱 조직 총책... 이후 경찰, 디지털성범죄 피해자지원센터 등을 사칭해 피해자에게 접근해 영상물 삭제를 위한 악성 프로그램... ",2026-05-20 15:32:00+09:00,2026.0,보이스피싱 피해,기자명 최솔 기자 입력 2026.05.20 13:47 수정 2026.05.20 15:30 댓글 0,,,,,,,
진짜 은행 전화번호도 못 믿는 보이스피싱,https://www.ccdailynews.com/news/articleView.html?idxno=2417469,https://www.ccdailynews.com/news/articleView.html?idxno=2417469,동중영 동중영 정치학박사·한국경비협회 중앙회장 최근 한국의 주요 매체들이 연이어 보도한 것처럼 보이스피싱 범죄가 점점 더 교묘하게 진화하고 있다. 정부와 금융권 등의 노력으로 전체 피해 규모는 줄어드는... ,2026-05-20 15:26:00+09:00,2026.0,보이스피싱 피해,기자명 충청일보 입력 2026.05.20 14:12 댓글 0,,,,,,,
단골손님 얼굴 멍 보고 ‘가정폭력’ 신고한 편의점주,https://n.news.naver.com/mnews/article/029/0003027705?sid=102,https://www.dt.co.kr/article/12063509?ref=naver,"파주경찰서는 B씨 이외에도 가슴팍 높이의 계곡물에 빠진 치매 노인을 발견해 구조한 D씨, 은행원으로서 보이스피싱 피해자의 추가 피해를 막은 E씨 등에 대해서도 공로를 인정해 신고 포상금을 지급했다.",2026-05-20 15:22:00+09:00,2026.0,보이스피싱 피해,"20일 파주경찰서에 따르면 지난 3월 23일 파주시의 한 편의점에 60대 여성 A씨가 들어왔다. 편의점주 B씨는 단골손님인 A씨와 평소 이런저런 이야기를 나누던 사이였다. 그날도 평소처럼 인사와 안부를 전하려던 B씨의 눈에 A씨의 얼굴에 있는 커다란 멍이 눈에 띄었다. B씨가 멍이 든 이유를 물었지만, A씨는 불안해하며 제대로 말하지 않았다. 이전에 A씨가 남편의 폭력 문제로 힘들어했던 기억이 떠오른 B씨는 더 큰 피해가 발생할 수도 있다는 생각에 경찰에 신고했다. 알고 보니 A씨는 남편의 심각한 가정폭력으로 경찰의 가정폭력 고위험군 관리 대상이었다. 이미 경찰은 A씨를 남편과 분리조치 했지만, 경제적 문제와 A씨 개인 신상의 여러 어려움 등 이유로 이들은 사건 발생 무렵 교류하고 있었다. 그러다 남편의 폭력이 다시 시작돼 점점 심해졌고 A씨는 이러지도 저러지도 못하는 상황에 놓여 있었다. 사건을 접수한 경찰은 상황을 확인한 후 남편 60대 남성 C씨를 구속시켰다. B씨는 추가적인 가정 폭력 피해를 막은 공로가 인정돼 파주경찰서로부터 112 신고 포상금을 받았다. 파주경찰서는 B씨 이외에도 가슴팍 높이의 계곡물에 빠진 치매 노인을 발견해 구조한 D씨, 은행원으로서 보이스피싱 피해자의 추가 피해를 막은 E씨 등에 대해서도 공로를 인정해 신고 포상금을 지급했다. 파주경찰서. 연합뉴스",기타,60대,여성,,,2026.0,
"노쇼사기·절도에 떠는 소상공인, 전북경찰 현장 맞춤형 범죄예방 나선...",http://www.domin.co.kr/news/articleView.html?idxno=1556077,http://www.domin.co.kr/news/articleView.html?idxno=1556077,"경기 침체와 고물가 속에서 하루 매출에 의존하는 소상공인들에게 노쇼사기, 절도, 금융사기 피해는 단순한... 이어 절도 20%, 보이스피싱 19% 순으로 집계됐다. 이어 소상공인들이 가장 필요하다고 꼽은 경찰활동은... ",2026-05-20 15:20:00+09:00,2026.0,보이스피싱 피해,"전북경찰청 전경. 전북지역 소상공인들이 생계와 직결된 범죄 불안을 호소하는 가운데 경찰이 전통시장과 상점가를 중심으로 맞춤형 범죄예방 활동에 나선다. 경기 침체와 고물가 속에서 하루 매출에 의존하는 소상공인들에게 노쇼사기, 절도, 금융사기 피해는 단순한 불편을 넘어 생업 기반을 흔드는 부담으로 이어지고 있기 때문이다. 이에 전북경찰은 현장 요구를 바탕으로 범죄 취약지 안전진단과 환경개선, 상인 대상 예방교육과 소통체계 구축을 추진할 방침이다. 20일 전북경찰청에 따르면 지난 4월 27일부터 5월 15일까지 전북소상공인연합회 회원 1천40명을 대상으로 범죄예방 설문조사가 실시됐다. 조사 결과 소상공인들이 가장 불안을 느끼는 범죄는 노쇼사기 28%로 가장 많았다. 이어 절도 20%, 보이스피싱 19% 순으로 집계됐다. 이어 소상공인들이 가장 필요하다고 꼽은 경찰활동은 환경개선이었다. 응답자의 41%가 환경개선을 선택했으며, 순찰강화 32%, SNS·유선 등을 통한 경찰과의 소통체계 구축 16%가 뒤를 이었다. 소상공인 보호 활동을 경찰과 함께 강화해야 할 기관·단체로는 지자체가 55%로 가장 높았다. 필요한 지원 분야로는 예산 39%, 법령·조례 29% 등이 제시됐다. 이번 설문 결과는 소상공인들이 영업 부진에 더해 범죄 불안까지 떠안고 있는 현실을 보여준다. 특히 환경개선 요구가 가장 높게 나타난 것은 소상공인들의 불안이 개별 범죄에만 머물지 않는다는 점을 드러낸다. 어두운 골목과 부족한 방범시설, 눈에 잘 띄지 않는 영업장 주변 환경이 매일 장사를 이어가는 상인들에게 또 다른 부담으로 작용하고 있는 셈이다. 이에 전북경찰은 전통시장과 주요 상점가 등 소상공인 밀집지역을 중심으로 현장 범죄예방 활동 강화에 나섰다. 특히 상인들이 실제 불안을 느끼는 장소를 중심으로 안전진단을 실시하기로 했다. 또한, 진단 결과 개선이 필요한 곳에는 지자체 등과 협의해 CCTV와 가로등, 노면표시, 안내판 등 가시적 시설물을 보강할 예정이다. 순찰 확대에 그치지 않고 영업 환경 자체를 바꿔 체감안전도를 높이겠다는 취지다. 이재영 전북경찰청장은 “이번 설문조사는 소상공인들이 느끼는 범죄 불안과 필요한 경찰활동을 직접 확인했다는 점에서 의미가 크다”며 “현장의 소중한 목소리를 반영한 범죄예방 활동 강화로 소상공인이 안심하고 일할 수 있는 안전한 환경을 만들겠다”고 말했다. 유민혁 기자 저작권자 © 전북도민일보 무단전재 및 수집, 재배포 금지 유민혁 기자 다른기사 보기",기타,,,소상공인,,2026.0,
일본 언론은 왜 안동에서 '에너지전환'을 먼저 보았나,https://n.news.naver.com/mnews/article/047/0002516428?sid=104,https://www.ohmynews.com/NWS_Web/View/at_pg.aspx?CNTN_CD=A0003235937&CMPT_CD=P0010&utm_source=naver&utm_medium=newsearch&utm_campaign=naver_news,"보이스피싱, 온라인 투자사기, 개인정보 탈취는 더 이상 경찰서 안의 사건이 아니다. 국경을 넘어 자금이 이동하고, 서버가 숨고, 피해자는 휴대전화 화면 앞에서 무너진다. 외교가 시민의 삶과 만나는 지점이 바로 이런... ",2026-05-20 15:11:00+09:00,2026.0,보이스피싱 피해,"[5.19-20 한일정상회담] '고향 외교'의 낭만 뒤에 놓인 원유·LNG·공급망 안전망 ▲ 2026년 5월 19일 안동에서 열린 한일 정상회담에서 이재명 대통령과 다카이치 사나에 일본 총리가 회담 전 악수하고 있다. 자료=일본 외무성 웹사이트 / 사진제공=내각홍보실. URL: https://www.mofa.go.jp/mofaj/a_o/na/kr/pageit_000001_02969.html ⓒ 일본 내각홍보실 2026년 5월 20일, 일본 현지 보도의 첫 문장은 대체로 비슷했다. 안동, 하회마을, 고향, 만찬보다 앞에 놓인 단어는 원유와 LNG였다. 한국 독자에게 안동 한일 정상회담은 이재명 대통령의 고향에서 열린 셔틀외교, 두 정상이 서로의 고향을 오간 첫 장면으로 기억될 수 있다. 그러나 일본 언론은 그 사진을 조금 다르게 읽었다. 정서의 무대 뒤에 위기관리의 계산서가 놓여 있었다. 일본 외무성은 19일 오후 2시 30분부터 약 105분 동안 열린 회담에서 중동 정세, 인도·태평양 지역 정세, 공급망, 에너지 안보, 조직적 사기 범죄, 북핵 문제 등이 논의됐다고 밝혔다. 특히 중요한 대목은 원유·석유제품·LNG의 상호 융통과 스와프 거래, 인도·태평양 지역 비축 강화를 두 축으로 하는 한일 협력의 출범이다. 정상회담의 성과가 '좋은 분위기'가 아니라 '위기 때 서로 무엇을 빌려줄 수 있는가'라는 문장으로 정리된 셈이다. 하회마을보다 호르무즈를 먼저 본 일본 로이터 일본판은 이번 회담을 '에너지 협력 확대와 안보 관계 강화'로 요약했다. 블룸버그 일본판도 일본은 원유 수입의 약 90% 이상을, 한국은 약 70%를 중동에 의존한다는 점을 짚으며 원유·석유제품·LNG 상호 융통 검토를 앞세웠다. 안동의 전통 가옥보다 호르무즈 해협의 통항 불안이 먼저 보였다는 뜻이다. '에너지전환(EX)'이란 에너지전환(EX: Energy Transformation)이란 화석연료 중심의 에너지 체계를 태양광·풍력·수소 등 재생에너지 기반으로 근본적으로 재편하는 구조적 전환을 말한다. 단순한 '친환경 정책'이 아니라, 에너지 생산·저장·소비 전 과정을 동시에 바꾸는 문명사적 전환이다. 호르무즈 해협 봉쇄 위기 이후, 에너지 수입 의존도가 90%를 웃도는 일본에게 EX는 선택이 아닌 생존의 문제가 됐다. 중앙 집중형 대규모 발전 대신, 지역 분산형 에너지 자립이 안보의 핵심 축으로 떠오른 것이다. 일본 언론이 안동에 주목한 이유는 바로 여기에 있다. 안동은 낙후 내륙도시라는 한계를 역전시켜, 햇빛·바람·바이오매스를 지역 자원으로 연결한 분산형 EX 모델을 현실에서 구현해냈다. '과제선진국' 일본이 찾던 답이 교과서가 아닌, 경북의 한 고을에 먼저 와 있었던 셈이다. TV아사히(テレビ朝日)도 20일 오전 보도에서 두 정상이 호르무즈 해협을 포함한 중동 정세의 진정을 위해 노력하고, 석유제품과 LNG 상호 융통 및 관계 부처의 정책대화 출범에 합의했다고 전했다. 같은 방송은 두 정상이 30초 가까이 굳게 악수한 장면을 보여주면서도, 보도의 무게를 '두 정상의 친밀함'보다 '에너지 공급망의 강인화'에 두었다. 일본 언론이 그렇게 본 것은 당연하다. 일본은 섬나라이고, 한국도 에너지 수급 면에서는 사실상 섬에 가깝다. 원유와 가스가 멈추면 공장은 서고, 물가는 뛰고, 주유소 가격표와 가계 난방비가 함께 흔들린다. 이것이 안동 회담의 첫 번째 결실이다. 양국이 서로 좋아졌다는 말보다, 같은 취약성을 가진 두 나라가 같은 병목을 함께 관리하겠다고 한 점이 더 무겁다. 안전혁명은 재난 뒤에 복구비를 쓰는 일이 아니라, 충격이 오기 전에 막힐 길을 미리 찾는 일이다. 이번 회담의 원유·LNG 협력은 바로 그 미래리스크 관리의 첫 단추로 읽을 수 있다. 정상회담의 성패는 '정책대화'에 달렸다 좋은 정상회담은 박수로 끝나지 않는다. 발표문이 긴 회담도 아니다. 어느 부처가 책임을 맡는지, 어떤 정보가 공유되는지, 위기 때 어느 저장시설과 항만과 선박을 활용할지 정해져야 한다. 일본 경제산업성(経済産業省)은 5월 18일 아카자와 경제산업상(赤澤経済産業大臣)과 한국 산업통상부 김정관 장관이 온라인 회담을 열었고, 이튿날 안동 정상회담의 성과로 에너지 안보와 공급망 강인화에 관한 공동 보도자료를 냈다고 밝혔다. 담당 분야도 원유·석유제품, LNG, 아시아 전체 협력, 공급망 강인화로 나뉘어 있었다. 여기서 일본의 실패학이 보인다. 일본은 위기가 올 때마다 매뉴얼을 다시 썼다. 동일본대지진과 후쿠시마 원전 사고, 센카쿠 갈등 국면의 희토류 불안, 그리고 미중 갈등 속 반도체 공급망 재편을 거치며 배운 것은 하나였다. '정신력'으로는 공급망을 지킬 수 없다는 사실이다. 비축, 보험, 금융, 항만, 정련·가공, 민관 협의체가 묶여야 위기가 왔을 때 움직인다. 일본 정부가 4월 발표한 '파워 아시아(Power Asia)'도 같은 맥락이다. 경제산업성 자료에 따르면 이 구상은 아시아의 원유·석유제품 조달과 공급망 유지를 위한 긴급 대응, 원유 비축일수 확대, 저장탱크 건설·이용, 핵심광물 확보 등을 포함하며 총 100억 달러 규모의 금융 협력을 내세운다. 안동 회담은 이 일본식 아시아 에너지 구상에 한국을 단순 참여자가 아니라 공동 설계 파트너로 끌어들이는 장면이었다. 일본 전문가가 던진 불편한 질문 20일 오전 일본 문화방송(文化放送) '오하요 데라짱(おはよう寺ちゃん)'에서는 경제분석가 모리나가 고헤이(森永康平)가 이번 합의를 전략적으로 타당하다고 평가하면서도 한 가지 불안을 꺼냈다. 한국은 정권이 바뀔 때마다 대일 기조가 흔들릴 수 있고, 그렇게 되면 어렵게 만든 틀의 지속성이 약해진다는 지적이었다. 일본 보수층의 오래된 의심이 섞인 말이지만, 한국이 그냥 흘려들을 문제는 아니다. 모리나가는 양국이 같은 약점을 가지고 있으므로 협력 자체는 평가할 만하다고 했다. 동시에 먼저 해야 할 일은 각자 수입원을 다각화하고, 필요하면 노하우와 네트워크를 공유해 양쪽의 강인성을 높인 뒤 상호 융통 체계를 만드는 것이라고 봤다. 맞는 말이다. 서로 부족한 물자를 막연히 나누겠다는 약속만으로는 부족하다. 누가 얼마를, 어떤 가격과 절차로, 어느 시점에, 어떤 법적 근거로 제공할 것인지까지 내려가야 한다. 정상의 합의가 장관급 대화로, 장관급 대화가 기업 계약으로, 기업 계약이 비축·운송·보험·통관 절차로 이어져야 한다. 그래야 다음 정부가 들어서도 쉽게 끊기 어려운 안전사회 인프라가 된다. 제도전환은 선언이 아니라 끊기 어려운 연결망을 만드는 일이다. 희미해지는 미중 'G2' 그림자 속의 오월동주 TV아사히(テレビ朝日) 보도에서 더 눈에 띈 대목은 전문가의 해석이었다. 국제경영학·국제관계학을 전공하며 한일 경제관계를 연구하는 김미덕(金美徳) 다마대학교(多摩大学) 교수는 미중 정상회담 이후 한일 접근은 지금까지의 외교와 질적으로 달라질 수 있으며, 북동아시아에서 한일의 존재감 자체가 미중에 대한 견제가 될 수 있다고 봤다. 또 한일 관계를 '오월동주'에 비유했다. 서로 완전히 같은 생각을 해서가 아니라, 경제적 이익과 국익을 위해 같은 배에 탄다는 뜻이다. 이 표현은 안동 회담을 설명하는 데 꽤 정확하다. 한일은 역사 문제에서 완전히 자유롭지 않다. 독도, 강제동원, 오염수, 수출규제의 기억도 남아 있다. 그럼에도 중동 에너지 불안, 미중 거래 질서, 중국발 공급망 압력, 북핵 문제 앞에서 두 나라는 같은 배에 올라타고 있다. 배가 흔들리면 서로를 탓하기 전에 물이 새는 곳부터 막아야 한다. 다만 한국이 조심해야 할 지점도 있다. 일본 보도는 자연스럽게 한미일 협력과 대중 견제의 구도로 회담을 읽는다. 그러나 한국 산업은 중국과 훨씬 촘촘하게 얽혀 있다. 배터리 소재, 반도체 장비와 부품, 디스플레이, 소비재 시장, 물류망까지 중국 변수는 한국 경제의 일상에 들어와 있다. 따라서 한국의 전략은 단순한 탈중국 구호가 아니라 중국 의존 리스크를 줄이는 복수의 선택지 확보여야 한다. 한일 협력은 반중 전선이 아니라 위기 때 선택지를 넓히는 장치로 설계되어야 한다. 작은 의제가 더 오래 간다 이번 회담의 일본 외무성 발표에는 조직적 사기 범죄 대응을 위한 한일 협력 문서도 포함됐다. 보이스피싱, 온라인 투자사기, 개인정보 탈취는 더 이상 경찰서 안의 사건이 아니다. 국경을 넘어 자금이 이동하고, 서버가 숨고, 피해자는 휴대전화 화면 앞에서 무너진다. 외교가 시민의 삶과 만나는 지점이 바로 이런 곳이다. 국민 보호는 거창한 단어가 아니라 통장 잔고와 신분증, 휴대전화 알림을 지키는 일이다. ▲ 2026년 5월 19일 안동 한일 정상회담 확대 회담 장면. 원유·LNG 협력, 공급망 강인화, 조직적 사기 범죄 대응, 조세이 탄광 DNA 감정 등이 논의됐다. 자료=일본 외무성 웹사이트 URL: https://www.mofa.go.jp/mofaj/a_o/na/kr/pageit_000001_02969.html ⓒ 일본 내각홍보실 인상 깊은 사진 보다 더 중요한 것은 지속가능한 제도 안동 '지방(고향)외교'의 결실을 묻는다면 답은 단순하다. 두 정상이 다정했는가가 아니라, 위기 때 작동할 절차를 남겼는가다. 일본 언론은 안동의 풍경보다 그 절차를 먼저 보았다. 원유를 서로 융통할 수 있는가. LNG 수급 정보를 나눌 수 있는가. 아시아 자원 공급망이 흔들릴 때 함께 대응할 수 있는가 등. 안동의 밤은 하루짜리 뉴스다. 그러나 원유 탱크와 LNG 계약, 핵심광물 조달, 공동 비축, 사기 범죄 대응망 등은 오래 남는 절차다. '협력 의제 논의, 결실 기대'라는 말이 빈 문장이 되지 않으려면 이제부터가 중요하다. 산업부와 경제산업성의 실무표, 기업의 장기계약, 금융·보험 장치, 담당자의 이름, 예산과 일정이 나와야 한다. 뉴스의 생명은 현재성에 있다. 일본 언론이 보여준 현재성은 분명했다. 안동은 더 이상 전통의 공간만이 아니었다. 그곳은 한일이 석유와 가스, 공급망과 안보, 과거사와 국민 보호를 한 테이블에 올려놓은 시험대였다. 안전혁명은 결국 이런 장면에서 시작된다. 사진이 지나간 뒤에도 작동하는 제도를 남기는 것, 그것이 이번 안동 셔틀외교가 결실로 가는 길이다. 덧붙이는 글 | 이 기사는 미디어파인에도 실립니다.글쓴이 김영근은 고려대학교 글로벌일본연구원 겸 인문학과동아시아문화산업과정 교수이며, 사회재난안전연구센터 소장을 맡고 있다. 도쿄대학교에서 국제관계학 박사를 취득한 후 현대경제연구원 연구위원 및 계명대학교 일본학과 조교수를 역임하였다. ""AI시대의 안전경제학: 글로벌 불확실성 및 위기관리"" 및 ""북핵 리스크 관리와 국제안보레짐의 변용"", 『포스트 제국주의』(공저), 『한일관계사 1965-2015. II: 경제』(공저), 『한일 관계의 긴장과 화해』(편저) 등 다수의 논문과 저서가 있다.",기타,,,,,2026.0,
1000억 원대 범죄수익 세탁… 中 조직과 결탁한 대포통장 일당 송치,https://n.news.naver.com/mnews/article/469/0000931811?sid=102,https://www.hankookilbo.com/news/article/A2026052011440004522?did=NA,"대부분은 보이스피싱, 투자사기, 리딩사기로 인한 피해금이었다. 이들은 지난해 3월부터 중국 선전에 거점을 둔 '왕회장' 조직에도 대포통장을 공급해 중국에서 범죄수익금 약 860억 원을 추가로 세탁한 것으로 파악됐다.... ",2026-05-20 15:09:00+09:00,2026.0,보이스피싱 피해,"대포통장 하나당 최대 2,500만 원 가짜 알리바이로 경찰 수사도 대비 박구락 서울경찰청 광역수사단 광역범죄수사대 6계장이 20일 서울 마포구 서울경찰청 광역수사단에서 대포통장 유통조직 및 자금세탁 범죄조직 검거 관련 브리핑을 하고 있다. 뉴시스 중국 자금세탁 조직과 결탁해 대포통장을 유통하고 1,000억 원대 범죄수익을 세탁한 일당이 무더기로 적발됐다. 서울경찰청 광역수사단 광역범죄수사대는 범죄수익은닉규제법, 전자금융거래법 위반 등 혐의로 국내 대포통장 조직과 중국 자금세탁 조직에서 활동한 조직원 149명을 검찰에 송치하고, 이 중 7명을 구속했다고 20일 밝혔다. 핵심 조직원 27명에겐 범죄단체조직·활동죄도 추가 적용됐다. 경찰은 중국 자금세탁 조직을 이끈 총책 '왕회장'에 대해 인터폴(국제형사경찰기구) 적색수배를 내리고 여권을 무효화했다. 이들은 2024년 3월부터 지난해 8월까지 테더 코인 송금, 상품권 거래, 환전 송금 등을 통해 약 1,170억 원에 이르는 범죄수익금을 은닉하고 세탁한 혐의를 받는다. 경찰은 수사 과정에서 확보한 범죄수익금 약 13억 원을 기소 전 몰수·추징보전 조치했다. 경찰에 따르면 2024년 3월 지역 선후배와 지인을 모아 조직을 만든 총책 A(29)씨와 B(28)씨는 대포통장을 모아 계좌 하나당 최소 1,500만 원에서 최대 2,500만 원을 받고 보이스피싱 범죄조직에 공급했다. 지난해 5월까지 국내에서 대포통장을 통해 세탁된 범죄수익금은 310억 원 규모로 파악됐다. 대부분은 보이스피싱, 투자사기, 리딩사기로 인한 피해금이었다. 대포통장 유통 조직원들이 계좌 개설 과정에서 허위 증빙 자료를 만드는 방법을 논의한 메시지. 서울경찰청 제공 이들은 지난해 3월부터 중국 선전에 거점을 둔 '왕회장' 조직에도 대포통장을 공급해 중국에서 범죄수익금 약 860억 원을 추가로 세탁한 것으로 파악됐다. 지난해 3월부터는 중국 조직의 현지 사무실에  조직원을 직접 파견해 자금세탁 범행에 가담시켰다. 국내 대포통장 조직은 범행 과정에서 법인 계좌의 이체 한도가 더 높다는 점을 이용하기 위해 '유령 법인'을 만들기도 했다. 이후 세금계산서와 물품 공급계약서를 허위로 작성해 은행에서 일일 이체 한도를 해제한 뒤 범죄수익금 은닉에 사용했다. 경찰 관리 대상인 조직폭력배 8명을 끌어들여 대포통장 계좌를 모집하기도 했다. 대포통장 유통 조직이 세탁한 범죄수익금 사진. 서울경찰청 제공 이들은 경찰 수사에 대비해 ""텔레그램 대화방에서 대출을 받으려다가 속아서 계좌를 개설했다""는 가짜 알리바이를 만들어 조직원들에게 교육시켰다. 실제 경찰 조사에서도 허위 대화방 캡처본을 제출하는 등 조직적으로 범행 은폐를 시도했다. 중국 자금세탁 조직도 대포통장 조직으로부터 공급받은 계좌가 정상적으로 거래되는지 사전에 시험하는 등 치밀하게 범행을 벌였다. 중국 조직은 각종 후원회, 협동조합 등에 후원금 명목으로 1만 원 이하 소액을 지속적으로 송금해 확인했다. 다른 보이스피싱 조직 등에 넘겨준 대포통장이 지급 정지될 경우, 금융기관이나 피해자들에게 직접 연락해 해제를 요청하는 등 '사후 관리'까지 한 것으로 조사됐다. 박구락 서울경찰청 광역범죄수사6계장은 ""나머지 조직원들도 끝까지 추적해 검거할 계획""이라고 밝혔다.",기관사칭형,,,,,2024.0,
단골손님 얼굴에 심한 멍…이웃 관심이 가정폭력범 잡았다,https://n.news.naver.com/mnews/article/001/0016089052?sid=101,https://www.yna.co.kr/view/AKR20260520130100060?input=1195m,"파주경찰서는 B씨 이외에도 가슴팍 높이의 계곡물에 빠진 치매 노인을 발견해 구조한 D씨, 은행원으로서 보이스피싱 피해자의 추가 피해를 막은 E씨 등에 대해서도 공로를 인정해 신고 포상금을 지급했다.",2026-05-20 15:02:00+09:00,2026.0,보이스피싱 피해,"(파주=연합뉴스) 최재훈 기자 = 단골손님의 얼굴에 난 멍을 유심히 본 편의점주의 신고로 가정폭력범이 구속됐다. 파주경찰서 [연합뉴스TV 제공] 20일 파주경찰서에 따르면 지난 3월 23일 파주시의 한 편의점에 60대 여성 A씨가 들어왔다. 편의점주 B씨는 단골손님인 A씨와 평소 이런저런 이야기를 나누던 사이였다. 그날도 평소처럼 인사와 안부를 전하려던 B씨의 눈에 A씨의 얼굴에 있는 커다란 멍이 눈에 띄었다. B씨가 멍이 든 이유를 물었지만, A씨는 불안해하며 제대로 말하지 않았다. 이전에 A씨가 남편의 폭력 문제로 힘들어했던 기억이 떠오른 B씨는 더 큰 피해가 발생할 수도 있다는 생각에 경찰에 신고했다. 알고 보니 A씨는 남편의 심각한 가정폭력으로 경찰의 가정폭력 고위험군 관리 대상이었다. 이미 경찰은 A씨를 남편과 분리조치 했지만, 경제적 문제와 A씨 개인 신상의 여러 어려움 등 이유로 이들은 사건 발생 무렵 교류하고 있었다. 그러다 남편의 폭력이 다시 시작돼 점점 심해졌고 A씨는 이러지도 저러지도 못하는 상황에 놓여 있었다. 사건을 접수한 경찰은 상황을 확인한 후 남편 60대 남성 C씨를 구속시켰다. B씨는 추가적인 가정 폭력 피해를 막은 공로가 인정돼 파주경찰서로부터 112 신고 포상금을 받았다. 파주경찰서는 B씨 이외에도 가슴팍 높이의 계곡물에 빠진 치매 노인을 발견해 구조한 D씨, 은행원으로서 보이스피싱 피해자의 추가 피해를 막은 E씨 등에 대해서도 공로를 인정해 신고 포상금을 지급했다. jhch793@yna.co.kr",,,,,,2026.0,
"대구경찰청, 수사·형사 기능 과·팀장 소통 워크숍",http://www.lawissue.co.kr/view.php?ud=2026052014563187349a8c8bf58f_12,http://www.lawissue.co.kr/view.php?ud=2026052014563187349a8c8bf58f_12,"참석자들은 보이스피싱·불법사금융 등 민생경제·금융범죄를 집중 검거하고, 마약범죄 및 이상동기범죄 등... 범죄피해를 줄이고 해결해 나가는 수사경찰의 역할이 결과적으로 국민의 목숨을 살리는 중요한 일""이라고... ",2026-05-20 15:00:00+09:00,2026.0,보이스피싱 피해,(사진제공=대구경찰청) (사진제공=대구경찰청) (사진제공=대구경찰청) 주요뉴스 핫포커스 투데이 이슈 투데이 판결 〉 베스트클릭 〉 주식시황 〉 가상화폐 시세 〉 오피니언 〉 제호:로이슈 | 정기간행물 등록번호:서울 아00830 | 창간연월일:2005년 11월 1일 대표이사:김영삼 | 발행인/편집인:김영삼 | 청소년보호책임자:한정아 법률고문: 법무법인 세담 (권준우 변호사) | 법률자문: 법무법인 성현 (최재웅 대표 변호사) 주소:서울 영등포구 국회대로 70길 22  금강빌딩 705호 전화:02-6925-0217 Copyright ⓒ 2013 로이슈. All rights reserved. e-mail : law@lawissue.co.kr,,,,,,,
취약·소외계층 생애주기별 맞춤형 경제교육 인기,https://www.m-i.kr/news/articleView.html?idxno=1374715,https://www.m-i.kr/news/articleView.html?idxno=1374715,특히 투자사기·보이스피싱·AI 음성사기 등 금융 피해 예방을 위한 경제교육 수요도 증가하고 있다고 덧붙였다. 지난 14일엔 영등포장애인복지관에서 발달장애인을 대상으로 '화폐 세상이야기'를 주제로 실시됐다. 이날... ,2026-05-20 14:52:00+09:00,2026.0,보이스피싱 피해,"서울시, 계획인원 대비 150.6% 초과 참여 매일일보 = 이창희 기자 | 서울시는 일반시민은 물론 취약·소외계층까지 아우르는 생애주기별 맞춤형 경제교육을 확대하기로 했다. 20일 서울시는 지난해 취약·소외계층을 비롯해 어린이·청소년, 청년·중장년·노년층 등 전 생애주기를 아우르는 시민 3,592명을 대상으로 총 215회 경제교육 프로그램을 운영했다고 밝혔다. 특히 취약·소외계층 대상 교육은 당초 계획인원(1,020명) 대비 150.6%인 1,536명이 참여하는 등 높은 수요를 보인 것으로 나타났다. 서울시는 시민들의 경제이해력과 합리적 의사결정 역량을 높이기 위해 작년부터 ‘서울지역 경제교육센터 지원사업’을 추진하고 있다. 서울시는 최근 모바일 금융·간편결제·키오스크 사용 등 디지털 금융 환경이 빠르게 확산되면서 경제·금융 정보 접근 격차가 서회적 이슈로 떠오르고 있어 생활밀착형 경제교육을 강화하고 있다고 설명했다. 특히 투자사기·보이스피싱·AI 음성사기 등 금융 피해 예방을 위한 경제교육 수요도 증가하고 있다고 덧붙였다. ADVERTISEMENT 지난 14일엔 영등포장애인복지관에서 발달장애인을 대상으로 ‘화폐 세상이야기’를 주제로 실시됐다. 이날 교육을 진행한 김영수 전문강사는 “발달장애인 경제교육은 단순히 돈을 아끼는 방법을 배우는 것이 아니라 스스로 선택하고 결정하는 힘을 기르는 과정”이라며 “시장 보기, ATM 사용, 키오스크 주문 같은 실생활 중심 교육과 반복 학습이 금융문해력 향상에 큰 도움이 된다”고 설명했다. 올해는 교육대상별 맞춤 경제교육을 지속 추진해 장애인, 한부모가정 등 취약·소외계층을 대상으로 모의체험 중심의 실습형 교육과 기초 경제 관념 함양 프로그램을 운영하고 있으며, 어린이·청소년부터 청년·중장년·노년층까지는 용돈관리·진로탐색·창업활동·은퇴설계 등 대상별로 세분화된 맞춤형 교육을 제공하고 있다. 시는 향후 지역경제교육센터 국비 사업과 연계해 AI 활용 경제교육도 추진할 계획이다. 서울시는 취약·소외계층에 대한 경제교육을 확대고 있다 = 서울시 저작권자 © 매일일보 무단전재 및 재배포 금지 트윗하기 이창희 기자 twin9222@gmail.com 다른기사 보기 페이스북 x 카카오톡 기사공유하기",,,,,,2026.0,
중국 조직과 손잡고 1170억 세탁…대포통장 유통 일당 송치,https://n.news.naver.com/mnews/article/277/0005765671?sid=102,https://view.asiae.co.kr/article/2026052011484986705,"대부분 보이스피싱과 투자사기, 투자 리딩 사기 피해금이었다. 중국 자금세탁 조직은 피싱 사기 조직을 운영하던 김모씨(48)가 총괄했다. 김씨는 지난해 8월 또 다른 총책 C씨(44)를 영입해 자금세탁 조직 운영을 맡겼다.... ",2026-05-20 14:47:00+09:00,2026.0,보이스피싱 피해,"7명 구속 송치…중국 총책은 적색수배 핵심 조직원엔 범죄단체조직죄 혐의 적용 현지 건너가 피싱까지 도와…폭력배도 가담 중국에 거점을 둔 한국인 자금세탁 조직과 손잡고 범죄수익금 1170억원을 세탁한 국내 대포통장 유통 조직이 검찰에 넘겨졌다. 이들은 처음에는 대포통장만 공급하다가 이후 국내 조직원들을 중국 현지로 보내 직접 피싱 범행과 자금세탁에 가담시키는 방식으로 범행을 키운 것으로 조사됐다. 서울경찰청 광역범죄수사대는 범죄수익은닉규제법 위반 등 혐의로 국내 대포통장 유통 조직 총책 A씨(28)·B씨(29)와 중국 자금세탁 조직 관련 조직원, 조직폭력배 등 33명을 송치했다고 20일 밝혔다. 이 가운데 A씨와 B씨 등 7명은 구속 송치됐다. 핵심 조직원 27명에게는 형법상 범죄단체조직죄도 추가 적용했다. 이외에 특정금융정보법 위반 등 혐의로 가상자산 송금책 116명도 불구속 송치했다. 박구락 서울경찰청 광역수사단 광역범죄수사 6계장이 20일 오전 서울 마포구 마포청사에서 대포통장 유통 조직 관련 브리핑을 진행하고 있다. 오지은 기자 경찰에 따르면 2024년 3월께 결성된 A씨 조직은 지역 선·후배와 지인 등을 끌어들여 조직 형태를 만든 뒤 하부 조직원을 통해 대포통장을 모집하고 개설해 보이스피싱 조직 등에 넘긴 뒤 금전적 이익을 챙긴 혐의를 받는다. 중국 심천을 거점으로 활동한 자금세탁 조직은 대포통장을 이용해 올해 8월까지 약 860억원 규모 범죄수익금을 세탁한 혐의를 받고 있다. 경찰 조사 결과 A씨 조직이 공급한 대포통장 계좌에는 2024년 3월부터 지난해 5월까지 약 310억원 규모 범죄수익금이 입금된 것으로 파악됐다. 대부분 보이스피싱과 투자사기, 투자 리딩 사기 피해금이었다. 중국 자금세탁 조직은 피싱 사기 조직을 운영하던 김모씨(48)가 총괄했다. 김씨는 지난해 8월 또 다른 총책 C씨(44)를 영입해 자금세탁 조직 운영을 맡겼다. 경찰은 중국에 체류 중인 김씨에 대해 체포영장을 발부받아 인터폴 적색수배를 내린 상태다. 여권도 무효화 조치했다. 수사 과정에서 조직폭력배도 범행에 가담한 것으로 조사됐다. 경찰 관리 대상인 3개 폭력조직 소속 조직원 8명은 대포통장을 다른 피싱 조직에 유통하고 수수료를 챙겼다. 일부는 직접 A씨 조직에 가입해 대포통장 모집책 역할을 수행했다. A씨 조직은 허위의 세금계산서와 물품 공급 계약서 등을 발행한 뒤 '유령 법인'을 세웠다. 이를 통해 각 지역 은행을 방문해 대포통장을 개설했고, 이를 유통해 범죄 행위에 이용되도록 제공했다. 피싱 피해자 신고로 통장이 지급정지 조치될 경우 직접 은행에 전화하거나 피해자에게 전화해서 지급정지를 해제해달라고 요청하기도 했다. 은행에는 '법인이 정상 거래를 진행하고 있다'는 식으로 속이려 하고, 피해자에게는 '일부 피해금을 보전해줄 테니 지급정지만 해제해달라'는 방식으로 회유했다. 김씨 조직은 A씨 조직으로부터 받은 대포통장으로 보이스피싱 범죄를 벌였다. 이후 2차 계좌로 피해금을 입금한 뒤 상품권으로 바꾸거나 국내 거래소를 이용해 코인 등 가상자산을 매입했다. 이후 해외 거래소를 통해 다금을 다시 세탁했다. 자금세탁 유형으로는 테더코인(USDT)이 72%, 상품권 업체를 가장한 비율이 19%를 차지했다. A씨 조직이 중국 심천에 있는 김씨 조직에 자신의 조직원들을 파견하겠다는 내용이 담긴 대화 내용. 서울경찰청 A씨 조직과 김씨 조직은 처음에는 대포통장 공급 관계였지만, 지난해 3월부터 범행 방식이 더 조직적으로 바뀐 것으로 드러났다. A씨 조직이 조직원들을 김씨 조직이 있는 중국 현지로 보내 피싱 범행과 자금세탁에 직접 참여하게 하고, 세탁한 범죄 수익의 3~6%를 대가로 받았다. 범죄단체조직죄 혐의가 인정되면 일반 범죄보다 형량이 무거워질 수 있다. 경찰은 수사 과정에서 확보한 범죄수익금 13억8000만원 상당에 대해 기소 전 추징 보전 조치를 했다. 서울경찰청 관계자는 ""수수료를 받고 타인의 돈을 받아 가상자산으로 전송할 경우 범죄인 줄 몰랐다고 하더라도 처벌될 수 있다""며 ""대부분 범죄 수익금 세탁에 이용된다는 점을 인지해 범죄 행위에 연루되지 않도록 주의하기를 바란다""고 말했다.",기타,,,,,2026.0,
보이스피싱 가담으로 형사 처벌 대상 됐다면,https://www.gokorea.kr/news/articleView.html?idxno=867060,https://www.gokorea.kr/news/articleView.html?idxno=867060,일자리가 마땅치 않은 청년들과 주부들이 보이스피싱 범죄에 연루되는 경우가 많아지고 있다. 보이스피싱... 수사기관은 피의자를 단순한 피해자가 아닌 '범행을 묵인한 공범'으로 보고 수사를 개시하므로 초기 진술에서... ,2026-05-20 14:44:00+09:00,2026.0,보이스피싱 피해,이승우 변호사 입력 2026.05.20 14:42,,,,,,,
"KB손해보험, 폐지수거 어르신 안전 지원 '반짝반짝 캠페인' 9년째 지속",https://www.polinews.co.kr/news/articleView.html?idxno=731732,https://www.polinews.co.kr/news/articleView.html?idxno=731732,또한 보이스피싱 등 금융사기 피해 예방 교육도 함께 진행해 일상생활 속 위험 요소에 대한 대응 역량을 높이는 데 중점을 뒀다. 보건복지부에 따르면 전국 약 4만 2천여 명의 어르신이 폐지수거를 통해 생계를 유지하고... ,2026-05-20 14:44:00+09:00,2026.0,보이스피싱 피해,기자명 김지혜 기자 입력 2026.05.20 14:44,,,,,,,
"KB손해보험, 폐지수거 어르신 위한 교통안전 캠페인 실시",https://www.delighti.co.kr/news/articleView.html?idxno=116630,https://www.delighti.co.kr/news/articleView.html?idxno=116630,"또한 보이스피싱 등 일상 속에서 발생할 수 있는 금융사기 피해를 예방하기 위한 교육도 함께 진행해 피해 사례와 대응 방법 등을 안내했다. 보건복지부가 2023년 12월 발표한 실태조사에 따르면, 전국 약 4만2000명의... ",2026-05-20 14:42:00+09:00,2026.0,보이스피싱 피해,기자명 용서은 입력 2026.05.20 14:40 댓글 0,,,,,,,
"[보험업계 소식] DB생명, KB라이프, 삼성화재, KB손해보험",https://www.financialpost.co.kr/news/articleView.html?idxno=259799,https://www.financialpost.co.kr/news/articleView.html?idxno=259799,"또 안전조끼, 단디바, 장갑, 마스크 등으로 구성된 안전용품 300세트를 전달했다. 보이스피싱 등 일상생활에서 발생할 수 있는 금융사기 피해 예방과 대응 방법에 대한 교육도 이어졌다.",2026-05-20 14:38:00+09:00,2026.0,보이스피싱 피해,기자명 김주승 기자 입력 2026.05.20 14:36 댓글 0,,,,,,,
[금융체크] 신한은행·카카오페이·신복위 등,http://www.bizwnews.com/news/articleView.html?idxno=137001,http://www.bizwnews.com/news/articleView.html?idxno=137001,"채무자구제제도, 신용관리 방법, 보이스피싱 대응 등 실생활에 필요한 금융 정보를 중점적으로 교육한다. 김창건 인천·경기북부지역본부장은 ""신복위는 채무종합상담기구로서 김포시와 협력하여 금융사기피해 예방을... ",2026-05-20 14:24:00+09:00,2026.0,보이스피싱 피해,기자명 김수식 기자 입력 2026.05.20 14:23 댓글 0,,,,,,,
"지난 1∼4월 인천지역 내 보이스피싱 범죄 건수 252건, 지난해에 비해 감...",https://www.kihoilbo.co.kr/news/articleView.html?idxno=3023396,https://www.kihoilbo.co.kr/news/articleView.html?idxno=3023396,올해 지역 내 보이스피싱 피해액은 112억 원으로 지난해 같은 기간(207억 원)보다 45.9% 줄어들었다. 인천경찰청은 보이스피싱 범죄에 대한 대대적인 단속과 차단 활동이 이 같은 성과로 이어진 것으로 분석하고 있다.... ,2026-05-20 14:20:00+09:00,2026.0,보이스피싱 피해,2026-05-20 15:55 (수) 기사제보 로그인 회원가입 전체기사 지면보기 한국어 English 中文 日本語 عربي España Français Việt Nam 태국(ประเทศไทย) 인도네시아(Indonesia) 말레이어(Melayu) 캄보디아(កម្ពុជា។) 라오스(ປະເທດລາວ) 티베트(བོད་ལྗོངས།) 네팔(नेपाल) 미얀마(myanmar) 벵골(বাংলা) 몽골(Монгол) 우즈벡(o'zbek) 카자흐(қазақ) 러시아(россия) 독일(Deutsch),,,,,,,
"금융결제원, 어카운트인포 플랫폼 고도화…자산 관리·보안·행정까지 ...",https://n.news.naver.com/mnews/article/030/0003429636?sid=101,https://www.etnews.com/20260520000089,보이스피싱과 명의 도용 범죄에 대응하기 위한 보안 기능도 한층 강화됐다. '안심차단 서비스'는 범죄의... 긴급 상황 시에는 '본인계좌 일괄지급정지' 및 '분실카드 한 번에 신고'를 통해 피해 확산을 막는 골든타임을... ,2026-05-20 14:01:00+09:00,2026.0,보이스피싱 피해,"금융결제원이 자산 조회 서비스 플랫폼 '어카운트인포'를 자산 관리, 보안, 행정까지 원스톱으로 진행할 수 있는 금융 플랫폼으로 고도화하고 있다. 어카운트인포의 핵심은 파편화된 금융 정보를 하나의 화면에 통합했다는 점이다. '내 계좌 한눈에' 서비스를 통해 전 금융권의 계좌 잔액을 확인하고 비활동성 계좌를 즉시 정리할 수 있다. '내 보험 한눈에', '내 대출 한눈에' 및 '내 투자성향 한눈에' 서비스까지 더해져 체계적인 금융현황 파악이 가능해졌다. 지출 관리 기능도 강화됐다. '내 카드 한눈에'를 통해 배송중인 카드를 포함한 보유 카드 정보를 한번에 조회할 수 있고, 소멸 예정인 카드 포인트를 현금화할 수 있다. '내 자동이체 한눈에', '내 오픈뱅킹 한눈에' 기능을 활용해 고정 지출의 흐름을 파악하고 불필요한 자동이체도 해지할 수 있다. 보이스피싱과 명의 도용 범죄에 대응하기 위한 보안 기능도 한층 강화됐다. '안심차단 서비스'는 범죄의 통로가 될 수 있는 경로를 선제적으로 봉쇄한다. '오픈뱅킹 안심차단',' 비대면 계좌개설 안심차단'과 '여신거래 안심차단'을 설정하면 본인 모르게 계좌가 개설되거나 대출·카드가 발급되는 사고를 원천 방지할 수 있다. 긴급 상황 시에는 '본인계좌 일괄지급정지' 및 '분실카드 한 번에 신고'를 통해 피해 확산을 막는 골든타임을 확보할 수 있다. 어카운트인포는 금융 관리를 넘어 일상 편의 서비스로 그 영역을 넓히고 있다. 우선 금융결제원의 모바일 지로를 통해 이용할 수 있던 세금 및 공과금 납부도 가능하다. 국세, 지방세는 물론 각종 공과금을 본인 명의의 계좌나 신용카드로 간편하게 납부할 수 있으며, 오는 7월부터는 간편결제를 통한 지방세 납부서비스도 제공할 예정이다. 금융인증서비스도 이용할 수 있다. 은행이나 공공기관에서 금융인증서를 사용할 때 '어카운트인포앱 인증' 방식을 선택하면, 앱에 미리 등록해둔 지문이나 안면 등 생체인증만으로 로그인이 가능하다. 또한, 정부24와 전자문서지갑 기능을 탑재했다. 앱을 통해 △주민등록 등·초본 △건강보험 자격득실 확인서 △건강·장기요양보험료 납부확인서 △운전경력증명서 △예방접종증명서 등 총 6종의 핵심 증명서를 앱에서 즉시 발급받고 열람·제출할 수 있다. 회원방식과 서비스 이용 절차도 편리해졌다. 회원가입 방식이 추가돼 총 6개 은행(NH농협, 신한, 우리, IBK기업, KB국민, 하나)의 인증서를 통해서도 간편하게 가입할 수 있다. 카드포인트 현금화나 자동납부 변경·해지 등 서비스를 이용할 때, 신규 고객도 인증서를 통한 인증 없이 앱에 등록한 바이오정보 만으로 신속하게 업무를 처리할 수 있도록 했다. 사용자 개인의 취향을 반영한 홈 화면 편집 기능도 도입됐다. 사용자는 홈화면에 표시되는 메뉴의 순서를 자유롭게 변경할 수 있고, 즐겨찾는 카드도 기존 3개에서 최대 10개까지 등록할 수 있게 됐다. 금융결제원 관계자는 “어카운트인포는 단순한 조회 앱을 넘어 자산 관리와 보안, 행정까지 원스톱으로 해결하는 통합 금융 플랫폼으로 진화했다”며 “앞으로도 신규 서비스 추가, UX 개선, 이용가능 연령대 확대 등 고객의 다양한 니즈에 맞춘 혁신을 이어갈 계획”이라고 말했다. 김신영 기자 spicyzero@etnews.com",,,,,,,
"""다카이치 총리 고향 '나라'에서 이재명 대통령 고향 '안동'으로""…한일...",https://www.tournews21.com/news/articleView.html?idxno=135334,https://www.tournews21.com/news/articleView.html?idxno=135334,"보이스피싱과 온라인 금융사기 등 국경을 넘나드는 범죄가 늘어나는 상황에서, 두 나라는 수사 공조와 정보 공유를 강화해 국민 피해를 줄여나간다는 방침이다. 국제 정세와 에너지 안보 역시 회담의 핵심 축이었다. 양국... ",2026-05-20 13:54:00+09:00,2026.0,보이스피싱 피해,For translation 2026-05-20 15:35 (수) 기사제보 회원가입 로그인,,,,,,2026.0,
"[자막뉴스] ""화장품 협찬해줄게"" 10대에 접근…'딥 페이크 성 착취물' 만...",https://n.news.naver.com/mnews/article/055/0001357749?sid=102,https://news.sbs.co.kr/news/endPage.do?news_id=N1008570818&plink=ORI&cooper=NAVER,"활동한 보이스피싱 조직 총책 20대 A 씨 등 모두 6명을 구속 송치했습니다. A 씨 일당은 지난 2024년 9월부터... 이들은 미성년자의 얼굴 사진 등을 받아 딥페이크 성 착취물을 만들었고, 이를 미끼로 미성년 피해자에게 돈을... ",2026-05-20 13:52:00+09:00,2026.0,보이스피싱 피해,"화장품과 옷을 협찬해 주겠다고 10대에게 접근해 사진을 받아 간 뒤 딥페이크 성 착취물을 만들고 이를 미끼로 돈을 요구한 일당이 경찰에 붙잡혔습니다. 충남경찰청 사이버수사대는 오늘(20일) 정보통신망법과 성폭력처벌법 위반 등 혐의로 말레이시아에 기반을 두고 활동한 보이스피싱 조직 총책 20대 A 씨 등 모두 6명을 구속 송치했습니다. A 씨 일당은 지난 2024년 9월부터 최근까지 틱톡과 인스타그램 같은 SNS를 통해 화장품과 의류를 협찬할 것처럼 미성년자들에게 접근했습니다. 이들은 미성년자의 얼굴 사진 등을 받아 딥페이크 성 착취물을 만들었고, 이를 미끼로 미성년 피해자에게 돈을 요구했습니다. 또 디지털 성범죄 피해자지원센터 등을 사칭해 피해자에게 접근한 뒤 영상물 삭제에 필요하다며 악성 앱 설치를 유도하는 '스미싱' 범죄를 저지르기도 했습니다. 이런 가짜 앱을 통해 파악한 연락처로 가족과 지인들에게 영상물을 유포하겠다고 협박하며 돈을 요구했지만, 모두 미수에 그쳤습니다. 경찰조사 결과 이들은 범행을 위해 허위 영상물 제작과 개인정보 수집, 악성 앱 유포 등 팀을 나눠 역할을 분담하는 등 조직적으로 범행에 나선 것으로 파악됐습니다. 피해자의 진정으로 수사에 착수한 경찰은 지난해 5월부터 조직원 5명을 차례로 검거해 구속 송치하고, 해외로 도피했던 A 씨를 말레이시아에서 검거해 지난 13일 국내로 송환해 추가로 검찰에 넘겼습니다. 충남경찰청 관계자는 ""협찬을 미끼로 미성년자나 학생에게 접근한 범행 수법이 확인된 만큼 교육 당국과 협의해 예방 교육 등을 진행하겠다""며 ""일상적인 SNS에서도 개인정보 관리에 각별히 신경 써야 한다""고 당부했습니다. (취재: 김태원, 영상편집: 이다인, 디자인: 양혜민, 제작: 디지털뉴스부)",기타,10대,,,,2024.0,화장품과 옷을 협찬해 주겠다는 미끼로 접근한 뒤 딥페이크 성 착취물을 만들고 이를 미끼로 돈을 요구
"""화장품 협찬해줄게""…학생 딥페이크 제작·협박 피싱 조직 검거",https://n.news.naver.com/mnews/article/079/0004148902?sid=102,https://www.nocutnews.co.kr/news/6520111?utm_source=naver&utm_medium=article&utm_campaign=20260520014946,"기반 보이스피싱 조직 총책 20대 A씨 등 모두 6명을 구속 송치했다고 20일 밝혔다. 이들은 2024년 9월부터 약 한... 이후 경찰, 디지털성범죄 피해자지원센터 등 유관기관을 사칭해 피해자들에게 접근한 뒤, 영상물 삭제에... ",2026-05-20 13:50:00+09:00,2026.0,보이스피싱 피해,"학생들의 프로필 사진을 이용해 성적 허위영상물(딥페이크)을 만든 뒤 유포하겠다고 협박해 돈을 뜯어내려한 신종 피싱 조직이 경찰에 붙잡혔다. 충남경찰청 사이버범죄수사대는 정보통신망법·성폭력처벌법 위반, 공갈·사기미수 등 혐의로 말레이시아 기반 보이스피싱 조직 총책 20대 A씨 등 모두 6명을 구속 송치했다고 20일 밝혔다. 이들은 2024년 9월부터 약 한 달 동안 SNS(틱톡, 인스타그램) 등을 이용해 ""화장품, 옷 등을 협찬해주겠다""고 학생들에게 접근한 뒤 프로필 사진 등을 받아, 성적 허위영상물(딥페이크물)을 제작한 혐의를 받는다. 이후 경찰, 디지털성범죄 피해자지원센터 등 유관기관을 사칭해 피해자들에게 접근한 뒤, 영상물 삭제에 필요하다며 악성프로그램 설치를 유도한 것으로 조사됐다. 이들은 탈취한 연락처로 가족과 지인들에게 허위영상물을 전송하고, 온라인에 유포하겠다고 협박하며 18명에게 돈을 요구했으나 모두 미수에 그쳤다. 경찰 조사 결과, 조직은 총책과 허위영상물 제작, 개인정보 수집·악성프로그램 유포, 사기·협박·공갈 등 역할을 나눠 조직적으로 범행한 것으로 나타났다. 경찰은 지난해 5월부터 조직원 5명을 순차적으로 검거해 구속했으며, 해외로 도피한 총책 A씨에 대해서는 인터폴 적색수배를 내렸다. 이후 말레이시아 외교부와 한국 대사관 등과 공조 수사를 벌여 A씨를 국내로 송환한 뒤 추가 구속했다. 경찰 관계자는 ""최근 미성년자인 학생들을 대상으로 협찬 등을 미끼로 프로필 사진을 제공받아 성적 허위영상물을 제작하고 보호자 등에게 유포 협박하며 돈을 가로채려는 범행이 확인됐다""며 ""개인정보 관리에 각별히 신경써야 한다""고 당부했다. ※CBS노컷뉴스는 여러분의 제보로 함께 세상을 바꿉니다. 각종 비리와 부당대우, 사건사고와 미담 등 모든 얘깃거리를 알려주세요. 이메일 : jebo@cbs.co.kr 카카오톡 : @노컷뉴스 사이트 : https://url.kr/b71afn",기타,미성년자,,학생,18.0,2024.0,성적 허위영상물(딥페이크) 제작 및 유포 협박
'협찬 미끼' 사진으로 딥페이크물 제작해 금품 요구한 조직 검거,https://n.news.naver.com/mnews/article/421/0008956094?sid=102,https://www.news1.kr/local/daejeon-chungnam/6172646,요구한 보이스피싱 조직이 경찰에 붙잡혔다. 충남경찰청 사이버범죄수사대는 정보통신망법·성폭력처벌법... 제작해 피해자와 그 부모 등에게 금품을 요구한 혐의다. 이들은 경찰과 디지털성범죄 피해자지원센터 등... ,2026-05-20 13:43:00+09:00,2026.0,보이스피싱 피해,"경찰 사칭해 ""영상물 삭제 필요"" 악성 앱 설치 유도도 충남경찰청 전경. / 뉴스1 (충남=뉴스1) 최형욱 기자 = 화장품, 옷을 협찬해주겠다며 미성년자인 학생들에게 프로필 사진을 받아낸 뒤 딥페이크 영상을 만들고, 이를 이용해 금품을 요구한 보이스피싱 조직이 경찰에 붙잡혔다. 충남경찰청 사이버범죄수사대는 정보통신망법·성폭력처벌법 위반 등의 혐의로 보이스피싱 조직 총책인 20대 A 씨 등 6명을 구속 송치했다고 20일 밝혔다. A 씨 등 6명은 지난 2024년 9월부터 최근까지 사회관계망서비스(SNS)를 통해 10대 학생들에게 접근해 “화장품, 옷 등을 협찬해주겠다”며 프로필 사진을 받아낸 뒤 이를 통해 성적 허위영상물(딥페이크물)을 제작해 피해자와 그 부모 등에게 금품을 요구한 혐의다. 이들은 경찰과 디지털성범죄 피해자지원센터 등 유관기관을 사칭해 피해자들에게 “영상물 삭제에 필요하다”며 휴대전화에 악성 애플리케이션 설치를 유도했으며 앱을 통해 파악한 연락처로 가족과 지인에게 영상물을 유포하겠다고 협박했으나 미수에 그친 것으로 확인됐다. 피해자 신고로 수사를 게시한 경찰은 지난해 5월 조직원 5명을 순차적으로 검거해 구속 송치하고 국외로 도피한 A 씨를 지난 13일 말레이시아에서 검거해 국내 송환한 뒤 구속 상태로 검찰에 넘겼다. 이들은 범행 총괄, 허위 영상물 제작, 개인정보 수집 및 악성 프로그램 유포, 사기·협박·공갈 등으로 팀을 나눠 조직적으로 범행을 실행한 것으로 파악됐다. 충남경찰청 관계자는 “미성년자를 대상으로 협찬을 미끼로 한 범행 수법이 확인된 만큼 교육 당국과 협의해 동일 범죄가 발생하지 않도록 힘쓸 것”이라며 “개인정보 관리에 각별히 신경 써야 한다”고 당부했다.",기타,10대,,학생,,2024.0,"화장품, 옷 협찬 미끼와 딥페이크 영상물 삭제 요구를 통한 협박"
"KB손보, 폐지수거 어르신 위한 '반짝반짝 캠페인' 진행",https://www.cstimes.com/news/articleView.html?idxno=706585,https://www.cstimes.com/news/articleView.html?idxno=706585,이와 함께 보이스피싱 등 일상생활에서 발생할 수 있는 금융사기 피해 예방 및 대응 방법에 대한 교육도 진행됐다. 회사 측은 생계 유지를 위해 폐지를 수거하는 어르신이 안전사고 위험에 노출돼 있는 현실에 주목해... ,2026-05-20 13:38:00+09:00,2026.0,보이스피싱 피해,"지난 19일 폐지수거 어르신을 대상으로 진행된 '반짝반짝 캠페인'에서 김규동 KB손해보험 ESG상생금융Unit장과 이경진 송파경찰서 교통과장이 기념 촬영을 하고 있다. 컨슈머타임스=김예령 기자 | KB손해보험이 폐지수거 어르신의 교통사고 예방을 위한 사회공헌 활동인 '반짝반짝 캠페인'을 9년째 운영하고 있다. KB손해보험은 지난 19일 송파경찰서에서 폐지수거 어르신을 대상으로 '반짝반짝 캠페인'을 실시했다고 20일 밝혔다. 이날 회사는 폐지수거 어르신들의 이동 특성과 작업 환경을 고려한 교통안전 교육을 진행하고 안전조끼, 단디바(야광 밧줄), 장갑, 마스크 등으로 구성된 안전용품 300세트를 전달했다. 이와 함께 보이스피싱 등 일상생활에서 발생할 수 있는 금융사기 피해 예방 및 대응 방법에 대한 교육도 진행됐다. 회사 측은 생계 유지를 위해 폐지를 수거하는 어르신이 안전사고 위험에 노출돼 있는 현실에 주목해 캠페인을 운영하고 있다고 설명했다. 실제 2023년 12월 발표된 보건복지부 실태조사에 따르면, 전국 약 4만2000여 명의 어르신이 폐지수거를 통해 생계를 유지하고 있는 것으로 나타났다. 이들의 시간당 수입은 최저임금의 13% 수준인 1226원에 불과한 수준이다. 특히 어르신들은 생계를 위해 새벽이나 야간 시간대에도 도로를 오가는 경우가 많아 교통사고 위험에 상시 노출된다는 지적이 이어져 왔다. KB손해보험은 해당 캠페인을 통해 어르신들의 일상 속 안전 확보를 지원하며 취약계층 돌봄 공백 해소에 나서겠다는 방침이다. 김규동 KB손해보험 ESG상생금융Unit장은 ""폐지수거 어르신들은 교통사고뿐 아니라 각종 금융 범죄에도 취약한 환경에 놓여 있다""며 ""KB손해보험은 현장의 필요에 맞춘 교육과 지원을 통해 어르신들이 보다 안전한 환경에서 생활하실 수 있도록 사회공헌 활동을 지속해 나가겠다""고 말했다. 저작권자 © 컨슈머타임스(Consumertimes) 무단전재 및 재배포 금지 김예령 기자 다른기사 보기 페이스북 트위터 카카오스토리 URL복사 기사공유하기",,,,,,,
"[금융zip] 신한은행, '국민참여형 국민성장펀드' 450억원 한도 판매 外",https://www.getnews.co.kr/news/articleView.html?idxno=870538,https://www.getnews.co.kr/news/articleView.html?idxno=870538,"이와 함께 보이스피싱 등 일상생활에서 발생할 수 있는 금융사기 피해 예방와 대응 방법에 대한 교육도 이뤄졌다. 2023년 12월 발표된 보건복지부 실태조사에 따르면, 전국 약 4만2000여명의 어르신이 폐지수거를 통해... ",2026-05-20 13:32:00+09:00,2026.0,보이스피싱 피해,2026-05-20 16:10 (수) 로그인 회원가입 산업 재계·일반 자동차·항공 전기·전자·IT·게임 유통·물류·패션 식품·제약·의학·바이오 조선·중공업·화학 4차산업 암호화폐 블록체인 경제·정책 경제일반 정치 정책 건설·부동산 건설 부동산 금융 은행 증권 카드 보험 제2금융 핀테크 사회·문화 사회 문화 건강 스포츠 연예 기타 세계 미주 동남아 유럽 중국 일본 인도 중앙아시아 기타 전국 경기 강원 인천 호남 영남 충청 제주도 오피니언 칼럼 기자수첩 이슈 분석 인사·부고·동정 검색 기사검색 검색 전체메뉴 버튼,,,,,,,
[더밸류 브리핑] 오늘의 KB 보험 소식…KB손보·KB라이프,http://www.thevaluenews.co.kr/news/view.php?idx=198881,http://www.thevaluenews.co.kr/news/view.php?idx=198881,특히 보이스피싱 등 어르신들이 취약할 수 있는 금융사기 피해 예방 및 대응 방법에 대한 교육을 병행하여 현장에서 큰 호응을 얻었다. 보건복지부 실태조사에 따르면 전국적으로 약 4만2000여 명의 어르신이 폐지수거로... ,2026-05-20 13:24:00+09:00,2026.0,보이스피싱 피해,"김도하 기자 KB손해보험이 폐지수거 어르신들의 교통사고 예방과 금융 범죄 피해 방지를 위한 사회공헌 활동을 9년째 이어가고 있다. KB라이프가 임직원들의 자발적인 참여를 바탕으로 지역사회에 온기를 전하는 사회공헌 활동을 본격화한다.  ◆ KB손해보험, 폐지수거 어르신 교통사고 예방 나서...돌봄 공백 해소  KB손해보험(대표이사 사장 구본욱)은 지난 19일 송파경찰서와 함께 폐지수거 어르신들을 대상으로 ‘반짝반짝 캠페인’을 실시했다고 밝혔다.  지난 19일 폐지수거 어르신을 대상으로 진행된 ‘반짝반짝 캠페인’에서 김규동(왼쪽) KB손해보험 ESG상생금융Unit장과 이경진 송파경찰서 교통과장이 기념촬영을 하고 있다. [사진=KB손해보험] 이번 캠페인은 폐지수거 어르신들의 이동 특성과 작업 환경을 고려한 맞춤형 교통안전 교육을 진행하는 한편, 야간 작업 시 시인성을 높여줄 안전조끼와 단디바(야광 밧줄), 장갑, 마스크 등으로 구성된 안전용품 300세트를 전달했다. 특히 보이스피싱 등 어르신들이 취약할 수 있는 금융사기 피해 예방 및 대응 방법에 대한 교육을 병행하여 현장에서 큰 호응을 얻었다.  보건복지부 실태조사에 따르면 전국적으로 약 4만2000여 명의 어르신이 폐지수거로 생계를 이어가고 있으며, 이들은 새벽이나 야간 시간대 도로를 자주 오가는 작업 특성상 교통사고 위험에 상시 노출되어 있다. 이에 KB손해보험은 이러한 취약계층의 돌봄 공백을 해소하기 위해 지난 2018년부터 매년 ‘반짝반짝 캠페인’을 운영하며 안전 확보에 힘쓰고 있다.  김규동 KB손해보험 ESG상생금융Unit장은 “폐지수거 어르신들은 교통사고뿐 아니라 각종 금융 범죄에도 취약한 환경에 놓여 있다”며 “KB손해보험은 현장의 필요에 맞춘 교육과 지원을 통해 어르신들이 보다 안전한 환경에서 생활하실 수 있도록 사회공헌 활동을 지속해 나가겠다”고 말했다.  ◆ KB라이프, 희망드림봉사단 출범...“보험을 넘어 희망을 잇다”  KB라이프생명보험(대표이사 사장 정문철)은 지난 20일 ‘KB라이프 희망드림봉사단 3기 발대식’을 개최하고, 임직원들이 참여하는 사회공헌 활동을 본격적으로 확대한다고 밝혔다. 이번 발대식은 자발적으로 참여한 19명의 봉사단원을 위촉하는 자리로, 박민하 재단 상임이사의 환영사를 시작으로 위촉장 수여와 향후 운영 계획 공유 등이 진행되었다.  박민하(오른쪽 첫 번째) KB라이프생명사회공헌재단 상임이사와 ‘KB라이프 희망드림봉사단’ 직원들이 지난 20일 서울 강남구 KB라이프타워에서 발대식을 개최한 후 기념사진을 촬영하고 있다. [사진=KB라이프] ‘KB라이프 희망드림봉사단’은 포용적 성장 가치를 바탕으로 지역사회와 지속적으로 연결되는 사회공헌을 실천하는 임직원 봉사단이다. 지난 2기 봉사단은 아동들과 함께한 아쿠아리움 나들이, 요양시설 방문 추석 봉사, 온기우편함 손편지 답장 쓰기 등 세대 간 교감과 취약계층 지원을 중심으로 다양한 나눔 활동을 펼친 바 있다.  KB라이프생명사회공헌재단 관계자는 “KB라이프 희망드림봉사단은 우리 사회 곳곳에 따뜻한 손길을 전하는 희망”이라며 “앞으로도 임직원들이 자발적으로 참여할 수 있는 다양한 사회공헌 프로그램을 확대하고, 생명보험사로서 고객과 지역사회가 함께 성장할 수 있는 포용금융 실천에 앞장서겠다”고 밝혔다.  올해 봉사단은 청소년과 어르신을 위한 활동을 비롯해 지역사회와 연계한 다양한 사회공헌을 지속적으로 추진할 계획이다. 이를 통해 KB라이프는 지속가능한 나눔 생태계를 조성하고, 기업의 사회적 책임을 적극적으로 실천해 나갈 방침이다.  KB증권(대표이사 강진두 이홍구)이 지난해 DCM(Debt Capital Marekt) 1위를 기록했다. KB증권은 버핏연구소가 리그테이블 집계를 시작한 2021년 이후 '5년 연... NH투자증권(대표이사 윤병운)이 지난해 ECM(Equity Capital Market·증권캐피탈마켓) 1위를 탈환했다. 2024년 KB증권에 ECM 1위를 내주었지만 2025년 정상에 등극했... NH투자증권(대표이사 윤병운)이 지난해 여전채(여신전문회사채∙Credit Finance Bond) 주관 1위를 기록했다. 2022년 마지막 1위를 한 뒤 2023년 4위, 2024년 5위로 ... KB증권(대표이사 강진두)이 지난해 회사채 주관 1위를 기록했다. 버핏연구소가 리그테이블 집계를 시작한 2021년부터 5년 연속 1위를 기록하며 '채권 ... KB증권(대표이사 강진두)이 지난해 BBB급 이하(BBB↓) 회사채 주관 1위를 탈환했다.기업분석전문 버핏연구소 조사에 따르면 KB증권의 지난해 BBB↓ 회사채 ... KB증권(대표이사 강진두)이 지난해 ABS(자산유동화증권·Asset-Backed Securities) 주관 1위를 기록했다. 버핏연구소가 리그테이블 집계를 시작한 2021년 이래 KB... 한국투자증권(대표이사 김성환)이 지난해 유상증자 주관 1위를 기록했다. 버핏연구소가 리그테이블 집계를 시작한 2021년 이후 처음으로 1위에 등극했... KB증권(대표이사 강진두)이 지난해 최우량(AA급 이상) 회사채 주관 1위를 기록했다. 기업분석전문 버핏연구소 조사에 따르면 KB증권의 2025년 AA↑ 회사채 ... KB증권(대표이사 강진두)이 2025년 IPO(기업공개) 주관 1위를 기록했다. 2022년 KB증권은 전통의  IPO '빅3'(미래에셋∙ NH투자∙한국투자증권)를 ... NH투자증권(대표이사 윤병윤)이 올해 상반기 ECM(Equity Capital Market·증권캐피탈마켓) 주관 1위 기록했다.  기업분석전문 버핏연구소 조사에 따르면 NH...",,,,,,2026.0,
"[경제소식] 신한은행, '국민참여형 국민성장펀드' 출시",http://www.4th.kr/news/articleView.html?idxno=2111998,http://www.4th.kr/news/articleView.html?idxno=2111998,"금융사기 피해 방지를 위한 사회공헌 활동을 이어가고 있다. KB손해보험은 20일 폐지수거 어르신 지원... 현장에서는 야간 및 새벽 시간대 도로 이동 시 주의사항과 보행 안전 수칙 등을 안내했으며, 보이스피싱 등 금융... ",2026-05-20 13:18:00+09:00,2026.0,보이스피싱 피해,최종편집 2026-05-20 15:01 (수) 로그인 회원가입 전체보기 산업 ICT·AI 소재에너지 모빌리티 식품유통 게임콘텐츠 바이오헬스 경제 금융 증시 부동산 정치 국제 사회 문화 오피니언 피플 검색 기사검색 검색 전체메뉴 버튼,,,,,,,
광주 보이스피싱 범죄 47.8% 감소,https://www.newspim.com/news/view/20260520000588,https://www.newspim.com/news/view/20260520000588,[사진=뉴스핌 DB] 보이스피싱 피해 발생 후 검거에 집중하던 기존 수사 체계에서 탈피해 선제적인 예방 활동을 강화한 결과라는 분석이다. 실제로 피싱 의심 전화번호 차단 등을 통해 214명의 피의자을 검거해 28억원... ,2026-05-20 13:18:00+09:00,2026.0,보이스피싱 피해,"광주 보이스피싱 범죄 47.8% 감소 기사입력 : 2026년05월20일 13:18 최종수정 : 2026년05월20일 13:18 카카오톡 페이스북 트위터 밴드 가 가 프린트 ※ 본문 글자 크기 조정 가 더 작게 가 작게 가 보통 가 크게 가 더 크게 닫기 ※ 번역할 언어 선택 -- 선택 -- 닫기 ""범죄 예방에 초점 맞춰 대응"" [광주=뉴스핌] 박진형 기자 = 광주지역에서 전화금융사기(보이스피싱) 범죄가 대폭 감소한 것으로 나타났다. 20일 광주경찰청에 따르면 보이스피싱 범죄는 지난 1~4월 기준으로 95건 발생해 전년 동월 대비 47.8% 감소했다. 피해액은 41억원으로 작년에 비해 무려 64% 줄었다. 광주경찰청 전경. [사진=뉴스핌 DB] 보이스피싱 피해 발생 후 검거에 집중하던 기존 수사 체계에서 탈피해 선제적인 예방 활동을 강화한 결과라는 분석이다. 실제로 피싱 의심 전화번호 차단 등을 통해 214명의 피의자을 검거해 28억원 규모의 피해를 막았다. 지난 4월에는 '범죄에 연루돼 자산 검사를 해야 한다'는 사기 전화를 받은 20대 남성을 도와 3000만원의 재산 피해를 예방했다. 광주경찰청 관계자는 ""법원 등기 배송, 출처 불명의 링크 접속 요구, 경찰 등 사칭하며 모텔 투숙 유도 등 경우는 보이스피싱 범죄일 가능성이 높다""며 ""가까운 경찰서에 방문해 상담을 받길 바란다""고 당부했다. bless4ya@newspim.com [관련키워드] 광주경찰청 전화금융사기 보이스피싱 <저작권자(c) 글로벌리더의 지름길 종합뉴스통신사 뉴스핌(Newspim), 무단 전재-재배포 금지> 디지털뉴스콘텐츠 이용규칙 보기 뒤로가기 맨위로 GAM - 해외주식 투자 도우미 [구경제의 부활] ⑥자산군 서열이 뒤집힌다…원자재의 추월 오픈AI, 싱가포르에 첫 해외 응용 AI 연구소 설립 [홍콩 대장주] 메이퇀 ③ 신성장 동력의 '폭발적 성장' [홍콩 대장주] 메이퇀② 실적은 고속 상승, 밸류는 역대 저점 [뉴스핌 베스트 기사] 사진 김건희 ""내 영어 이름은 제니"" [서울=뉴스핌] 홍석희 기자 = 김건희 여사가 이른바 '쥴리 의혹'을 제기한 안해욱 전 한국초등학교태권도연맹 회장 재판에 증인으로 출석해 해당 의혹은 거짓이라고 증언했다.
서울중앙지법 형사합의34부(재판장 한성진)는 20일 오전 안 전 회장 등의 공직선거법 위반 등 혐의 사건 속행 공판을 진행했다.






김건희 여사가 이른바 '쥴리 의혹'을 제기한 안해욱 전 한국초등학교태권도연맹 회장 재판에 증인으로 출석해 해당 의혹은 거짓이라고 증언했다. 사진은 김 여사가 지난해 12월 3일 서울 서초구 서울중앙지방법원에서 열린 자본시장법 위반 혐의 결심 공판에 출석해 변호인과 대화하는 모습. [사진=뉴스핌 DB]



이날 김 여사는 남색 정장에 흰색 셔츠 차림으로 법정에 모습을 드러냈다. 김 여사 측 변호인이 ""가해자들과 같은 공간에 있는 것에 대해 불안감을 느끼고 있다""며 가림막 설치를 요청했고, 재판부는 이를 허가했다.
김 여사는 ""쥴리라는 예명을 사용한 적 있느냐""는 검찰 측 질문에 ""한번도 없다""고 답했다. 또한 1995년 라마다 르네상스 호텔 지하 유흥주점에서 접대부로 일하지 않았다고도 증언했다.
그는 ""당시 교육 자격증을 취득하기 위해 숙명여대 대학원에 들어갔고, 아침·저녁으로 학교를 다녔다""며 ""당시에는 학생이었고 호텔을 드나들 상황도 아니었다""고 말했다.
김 여사는 ""부유하게 자랐는데 손님을 접대했단 의혹을 받았다. 쥴리란 이름을 사용한 적도 없는데 이 일로 병이나 6년째 정신병을 앓고 있다""고 호소했다. 
김 여사는 변호인 측 반대신문에서도 ""쥴리의 '쥴'자도 사용하지 않았다""고 강조했다. 그러면서 ""당시 미니홈피나 채팅방에선 '제니'라는 이름을 사용했고, 저를 아는 모든 사람은 그렇게 불렀다""고 부연했다.
이어 ""진정한 반성이 없다면 (피고인들의) 처벌을 원한다""고 밝혔다.
재판부는 지난 공판에 김 여사가 불출석한 것에 대해 과태료 300만 원을 부과했으나, 이날 김 여사가 법정에 나오자 이를 취소했다.
안 전 회장은 2022년 제20대 대선을 앞두고 '김 여사가 과거 유흥 주점에서 일하는 모습을 봤다'는 취지의 발언을 한 혐의로 기소됐다.
안 전 회장과의 인터뷰를 통해 1997년 김 여사가 '쥴리'라는 예명을 쓰며 유흥 주점에 근무했다는 의혹을 보도한 유튜브 채널 '열린공감TV'의 정천수 전 대표도 함께 기소됐다.
검찰은 이들이 당시 대선후보였던 윤석열 전 대통령의 낙선을 목적으로 허위 사실을 공표했다고 보고 공직선거법 위반 혐의로 재판에 넘겼다.
hong90@newspim.com 2026-05-20 14:50 사진 삼성전자, 평균 월급 1200만원 [서울=뉴스핌] 김아영 기자 = 삼성전자 임직원의 올해 1분기 평균 보수가 전년 동기 대비 25% 이상 급증하며 분기 기준 역대 최고 수준을 기록한 것으로 추산됐다. 실적 회복에 따른 영업이익 개선 효과가 반영되면서 임직원들의 급여 수준도 함께 높아진 것으로 분석된다.
19일 기업분석전문 한국CXO연구소에 따르면, 올해 1분기 삼성전자 임직원(등기 임원 제외)의 1인당 평균 보수는 약 3600만 원 내외로 추정된다. 이를 월평균으로 환산하면 매달 1200만 원 안팎의 급여를 받은 셈이다. 이 같은 급여 수준은 동일한 방식으로 추산한 지난해 같은 기간의 2707만~3046만 원과 비교해 25% 넘게 뛴 수치다. 지난 2023년 대비 2024년의 증가율이 11.6%였던 점과 비교하면 상승 폭이 2배 이상 높았다.






[자료=한국CXO연구소]



이번 분석은 공시 제도 변경에 따른 급여 공백을 추산하는 과정에서 도출됐다. 금융감독원 기업공시서식 규칙 개정으로 지난 2021년까지는 분기별 임직원 보수 현황 공시가 의무였지만, 2022년부터 반기와 사업보고서 등 연 2회만 공개하도록 제도가 바뀌면서 1분기와 3분기 급여 수준을 정확히 파악하기 어려워졌기 때문이다. 이에 연구소는 과거 1분기 보고서상 성격별 비용상 급여와 임직원 급여 총액 간의 비율이 76%~85.5% 수준으로 일정한 흐름을 보였다는 점에 주목해 수치를 산출했다.
올해 1분기 삼성전자의 별도 재무제표 주석상 성격별 비용-급여 규모는 5조6032억 원으로 파악됐다. 작년 1분기 4조4547억 원에서 1년 새 1조1400억 원 이상(25.8%) 늘어난 규모로, 삼성전자가 1분기 성격별 비용에 해당하는 급여액이 5조 원을 돌파한 것은 이번이 처음이다. 전체 급여 규모 자체는 크게 증가했지만, 매출에서 차지하는 인건비 비율은 오히려 더 낮아진 것으로 나타났다.
세부 산출 과정에선 올 1분기 성격별 비용상 급여(5조6032억 원)에 과거 급여 총액 비율의 하한선인 76%를 적용하면 급여 총액은 4조2584억 원, 상한선인 85.5%를 대입하면 4조7907억 원으로 계산된다. 여기에 올 1~3월 국민연금 가입 기준 삼성전자의 평균 직원 수인 12만5580명을 대입하면 임직원 1인당 보수는 3391만~3815만 원(월 1130만~1270만 원) 수준으로 추산된다. 연구소는 두 비율의 중간 격인 81%를 적용해 평균 보수를 3600만 원 내외로 최종 추산했다.
오일선 한국CXO연구소 소장은 ""삼성전자는 월급보다 성과급 영향력이 큰 회사이기 때문에 올해 1분기 평균 급여도 이미 지난해보다 25% 이상 늘어 성과급 제외 기준으로도 1억4000만 원을 웃돌 가능성이 크다""며 ""성과급까지 반영되면 연간 보수는 앞자리가 달라질 정도로 한 단계 더 뛸 것""이라고 했다. 이어 오 소장은 ""2022년 이후 분기 보고서 의무 공시 항목이 축소됐음에도 불구하고 일부 기업은 경영 투명성 차원에서 직원 수와 급여 현황 등을 자율 공개하고 있다""며 ""투자자와 주주의 정보 접근성을 높이기 위해 관련 의무 공시를 다시 확대할 필요가 있다""고 덧붙였다.
aykim@newspim.com 2026-05-19 08:47 Z폴드8 '300만원 시대' 여나 李대통령 지지율 61%[한국갤럽] '히든스테이지' 본선 20팀 공개 [주요포토] '무신사 '카드뉴스 광고 논란' 제9회 전국동시지방선거 대국민 담화문 발표 한·일 정상회담 북한 내고향축구단 공개 훈련 다카이치 日 총리, 한일 정상회담 참석차 방한 정용진, 스벅 '탱크데이' 대국민 사과 정규 4집 '퀸테센스'로 돌아온 가수 태양",기관사칭형,20대,남성,,1.0,2026.0,범죄에 연루돼 자산 검사를 해야 한다'는 사기 전화를 받은 후의 공포감
광주 1~4월 보이스피싱 95건..작년보다 47.8% 감소,https://kjmbc.co.kr/NewsArticle/1519544,https://kjmbc.co.kr/NewsArticle/1519544,올해 1월부터 4월까지 광주에서 발생한 보이스피싱 피해가 작년보다 대폭 감소한 것으로 나타났습니다. 광주경찰청에 따르면 올해 1~4월 광주지역 보이스피싱 발생 건수는 95건으로 작년 같은 기간 182건 대비 47.8... ,2026-05-20 13:10:00+09:00,2026.0,보이스피싱 피해,"홈 오늘의뉴스 뉴스데스크 뉴스투데이 [한걸음 더] 취재가시작되자 광주MBC단독 선거는 중요합니다 사회 광주 1~4월 보이스피싱 95건..작년보다 47.8% 감소 박승환 기자 입력 2026-05-20 13:10:37 수정 2026-05-20 13:32:49 조회수 36 share print 올해 1월부터 4월까지 광주에서 발생한 보이스피싱 피해가 작년보다 대폭 감소한 것으로 나타났습니다. 광주경찰청에 따르면 올해 1~4월 광주지역 보이스피싱 발생 건수는 95건으로 작년 같은 기간 182건 대비 47.8% 감소했습니다. 보이스피싱 피해액도 41억원으로 작년 114억보다 64% 줄었습니다. 경찰은 보이스피싱 의심 전화번호를 차단하는 등 선제적인 대응과 맞춤형 홍보 활동이 효과를 거둔 것으로 보고 예방 활동을 강화할 방침입니다. Copyright © Gwangju Munhwa Broadcasting Corporation. All rights reserved. share print 박승환 psh0904@kjmbc.co.kr 보도본부 뉴스팀 교육사회 담당 ""집요하게 묻겠습니다"" 여러분의 의견을 남겨주세요 ※ 댓글 작성시 상대방에 대한 배려와 책임을 담아 깨끗한 댓글 환경에 동참해 주세요. 0/ 300 등록 많이 본 뉴스 사과 거부당한 신세계… 오월 광주 ""우리가 만만하냐"" 주지은 2026년 05월 19일 광주시 2차 고유가 지원금 접수..1인당 15만 원 지급 정용욱 2026년 05월 15일 '흉기 피습 후 트라우마' 광주 경찰관 숨져…경찰청장 대행 조문 주현정 2026년 05월 19일 ""운전직 간부가 화재 지휘""...모순적 인사가 참사 키웠다 박혜진 2026년 05월 19일 ""배은망덕""... 민주당 여수서 총 공세, 왜? 최황지 2026년 05월 19일 사과 거부당한 신세계… 오월 광주 ""우리가 만만하냐"" 주지은 2026년 05월 19일 최신뉴스 광주시, '조직적 허위전입' 삼거동 자원회수시설 후보 자격 취소 천홍희 2026년 05월 20일 광주경찰, 지선 대비 '선거경비통합상황실' 운영 박승환 2026년 05월 20일 한국에너지공대 개교 5주년…연구·창업·교육 성과 공개 박승환 2026년 05월 20일 광주시, 오는 23일 세계인의 날 기념행사 정용욱 2026년 05월 20일 교원노조, 교육감 후보 4명 '정책 서약서' 이행 촉구 한신구 2026년 05월 20일 광주 1~4월 보이스피싱 95건..작년보다 47.8% 감소 박승환 2026년 05월 20일 [한걸음더] [한걸음더]관광객 7천만명 찾았는데.. '실속'없는 광주 관광 이재원 2026년 04월 28일 [한걸음더] 도심 속 너구리 급증..귀엽다고 만지면 안 돼 박승환 2026년 04월 24일 [한걸음더]현행범 체포 후 경찰서에서 숨진 20대..피의자 관리 소홀 논란 박승환 2026년 04월 22일 [한걸음더]폭발 직전 2분 살펴봤더니..현장 대응 적절했나 안준호 2026년 04월 20일 [한걸음더]""국민적 합의는 끝났다"" 5·18 헌법 수록, '국힘'만 남았다 주지은 2026년 04월 17일 [한걸음더]""수정 시기에 벼락 우박"".. 나주 배 농가 직격탄 주지은 2026년 04월 07일",기타,,,,95.0,2026.0,
고창경찰서 모양지구대 베스트순찰팀에 선정,http://www.jeollailbo.com/news/articleView.html?idxno=800720,http://www.jeollailbo.com/news/articleView.html?idxno=800720,"앞서 모양지구대 1팀은 최근 증가하는 보이스피싱 및 노쇼 사기 피해 예방을 위해 금융기관‧소상공인‧유관기관과의 긴밀한 협조체계를 구축해 범죄 수법을 공유하고 신고 활성화를 유도하는 한편, 주민 대상 예방 홍보... ",2026-05-20 12:46:00+09:00,2026.0,보이스피싱 피해,고창 입력 2026.05.20 12:46,,,,,,,
중국서 활동하며 대포통장 유통시킨 일당 검거,https://n.news.naver.com/mnews/article/009/0005682632?sid=102,https://www.mk.co.kr/article/12053060,"지난해 5월까지 A조직이 공급한 대포통장에 입금된 범죄수익금은 310억원 상당으로, 대부분 보이스피싱·투자사기·리딩사기로 인한 피해금으로 확인됐다. 중국 선전 지역에 거점을 두고 보이스피싱을 일삼던 B조직은... ",2026-05-20 12:41:00+09:00,2026.0,보이스피싱 피해,"국내 폭력조직원 8명도 범행 가담 코인송금책 모집해 1170억원 세탁 스테이블코인 테더 [로이터 연합뉴스] 중국에서 활동하는 자금세탁 범죄조직과 결탁해 1170억원 상당의 범죄수익금을 은닉한 일당이 붙잡혔다. 이들은 테더코인(USDT) 매입, 상품권 거래, 환전 송금 등의 방법으로 범죄수익금을 세탁해왔다. 서울경찰청 광역수사단 광역범죄수사대는 20일 국내 조직 총책을 포함한 149명을 범죄수익은닉규제법 위반 등 혐의로 송치했다고 밝혔다. 핵심 조직원 27명에게는 형법상 범죄단체 조직·활동죄를 추가로 적용했으며, 수사 과정에서 확보한 범죄수익금 13억8000만원은 기소 전 몰수·추징보전했다. 아직 검거되지 않은 중국 총책 김 모씨(일명 왕회장)에 대해서는 인터폴 적색수배 및 여권 무효화 조치를 마친 상태다. 경찰에 따르면 국내에서 대포통장을 유통해온 A조직의 20대 총책 두 명은 지인·지역 선후배로 구성된 범죄단체를 조직한 뒤, 대포통장을 개설해 다른 범죄단체에 공급했다. A조직은 허위 세금계산서, 물품공급계약서 등을 작성해 은행의 1일 이체 한도제한을 해제한 뒤 거액의 범죄수익금을 세탁했다. 지난해 5월까지 A조직이 공급한 대포통장에 입금된 범죄수익금은 310억원 상당으로, 대부분 보이스피싱·투자사기·리딩사기로 인한 피해금으로 확인됐다. 중국 선전 지역에 거점을 두고 보이스피싱을 일삼던 B조직은 초기에는 A조직으로부터 대포통장만 공급받는 관계였으나, 지난해 3월부터 A 조직이 하부 조직원들을 중국으로 직접 파견하면서 협업을 시작했다. 지난해 8월까지 B조직의 대포통장에 입금된 범죄수익금은 860억원에 달한다. 국내 폭력조직원도 범행에 가담했다. 폭력조직 3곳의 조직원 8명은 A조직으로부터 제공받은 대포통장을 다른 범죄조직에 유통하고 중간 수수료를 취득했다. 이들은 돈벌이 목적으로 개인적으로 범행에 가담한 것으로 알려졌다. 이들 조직은 투자사기 및 보이스피싱 범행으로 인해 대포통장 계좌가 지급정지되면, 피해자들 또는 금융기관에게 직접 연락해 해제를 요청하는 등 사후관리에 나섰다. 지급정지 여부를 확인하기 위해 각종 후원회, 단체, 협동조합 등에 소액의 후원금을 지속적으로 송금하는 치밀함도 보였다. 범죄수익금 1170억원을 자금세탁한 경로는 테더코인 매입이 72%로 가장 많았고, 상품권 거래 위장이 19%, 기타 계좌이체가 9%로 확인됐다. 코인 송금책들은 ‘아르바이트’로 위장한 구글 광고를 통해 텔레그램 오픈채팅방으로 유입됐다. 이들은 입금액의 1~3% 수준의 수수료를 약속받고 자신의 계좌로 피해금을 받아 코인을 매입한 뒤 송금했다. 상품권 인출책은 상품권 사업자로 등록한 뒤 사업자 계좌로 현금을 입금받고, 시중 여러 은행의 ATM기를 통해 이를 인출·전달했다. 경찰 관계자는 “수수료를 받기로 약속한 뒤 타인의 자금을 받아 가상자산을 구매할 경우, 범죄자금인 줄 몰랐다고 하더라도 특정금융거래정보법상 미신고 가상자산거래업자로 처벌될 수 있다”며 “이런 거래는 대부분 피싱 범죄, 불법도박, 마약거래 또는 그로 인한 범죄수익금 세탁에 이용되는 만큼 범죄행위에 연루되지 않도록 유의해달라”고 당부했다.",기타,,,,,2026.0,
"""의심스러운 전화는 끊자""…인천서 보이스피싱 252건, 작년보다 44%↓",https://n.news.naver.com/mnews/article/277/0005765590?sid=102,https://view.asiae.co.kr/article/2026052012361938316,"하지만 보이스피싱 피해 규모가 110억원에 달해 여전히 높은 수준이고, 최근에는 가스라이팅을 통해 피해자의 이성적인 판단을 흐리게 하는 이른바 '셀프감금'과 같은 범행 수법이 갈수록 교묘해지고 지능화하고 있다.... ",2026-05-20 12:36:00+09:00,2026.0,보이스피싱 피해,"올해 인천에서 발생한 전화금융사기(보이스피싱) 범죄 건수와 피해액이 전년 대비 절반가량 줄어든 것으로 나타났다. 20일 인천경찰청에 따르면 올해 1∼4월 적발된 보이스피싱 범죄 건수는 252건으로 지난해 같은 기간(449건)보다 43.9% 감소했고, 범죄 피해액은 지난해 207억원에서 올해 112억원으로 45.8% 줄었다. 경찰은 보이스피싱과 관련한 불법행위를 대대적으로 단속하면서 범죄 발생이 감소한 것으로 분석했다. 인천경찰청은 총책, 관리책, 수거책 등으로 역할을 나눠 점조직 형태로 진화하는 보이스피싱 범죄를 근절하기 위해 광역범죄수사대와 경찰서서 전담팀을 운영하면서 조직 상선을 상대로 집중 수사를 벌이고 있다. 인천 연수경찰서는 최근 금융기관을 사칭해 피해자 16명으로부터 3억5천만원을 가로챈 보이스피싱 자금세탁책과 수거총책 등 29명을 검거해 이들 중 6명을 구속했다. 미추홀경찰서는 보이스피싱 조직에 1억4천만원을 송금하려던 60대 여성을 설득해 피해를 예방하기도 했다. 또 부평경찰서는 지난 3년간 국제범죄 자금으로 추정되는 7476억원 상당의 가상화폐를 현금으로 환전한 뒤 중국에 전달하는 방법으로 자금을 세탁한 30대(남)를 최근 검찰에 구속 송치했으며, 이 과정에서 41억원의 범죄자금을 기소 전 추징보전 했다. 보이스피싱 하지만 보이스피싱 피해 규모가 110억원에 달해 여전히 높은 수준이고, 최근에는 가스라이팅을 통해 피해자의 이성적인 판단을 흐리게 하는 이른바 '셀프감금'과 같은 범행 수법이 갈수록 교묘해지고 지능화하고 있다. 또 관공서나 공공기관을 사칭한 후 대리구매를 요청해 거래대금을 편취하는 '노쇼' 사기를 비롯해 고수익 보장과 투자종목을 추천해 피해금을 빼앗는 '투자리딩방' 사기, 고수익 알바와 부업을 제안하며 접근한 뒤 여러명이 수행한다는 명목으로 입금을 유도하는 '팀미션' 사기', 이성인 척 행세해 신뢰를 쌓아 금전을 가로채는 '로맨스 스캠' 등 신종수법이 기승을 부리고 있다. 경찰은 인천시, 금융기관 등과 함께 이러한 유형의 피싱 범죄 홍보영상을 상시 송출하는 한편, 피싱 범죄예방을 위해 '어서 끊자!' 캠페인을 펼치고 있다. 이 캠페인은 국가수사본부(전기통신금융사기통합대응단)가 추진중인 피싱 범죄예방 활동의 일환으로 공공기관이나 금융기관을 사칭하는 '의심스러운 전화는 우선 끊자'는 피해 예방 홍보전략이다. 한창훈 인천경찰청장은 ""보이스피싱은 예방이 최선""이라며 ""의심스러운 전화를 받으면 곧바로 통화를 종료하고 피해가 의심된다면 즉시 112에 신고해달라""고 당부했다.",기관사칭형,60대,여성,,1.0,2026.0,가스라이팅을 통한 이성적인 판단의 흐림
"대포통장 1개당 2500만원에 공급하고 AS까지…경찰, 韓·中조직 149명 검...",https://n.news.naver.com/mnews/article/022/0004129480?sid=102,https://www.segye.com/newsView/20260520507586?OutUrl=naver,"대부분 보이스피싱이나 투자사기, 리딩사기로 인한 피해금이다. 이들은 경찰 수사에 대비해 텔레그램 대화방을 만들어 준비했고, 대화방 캡쳐본을 수사팀에 제출하는 방식으로 조직적인 범행 은폐를 시도하기도 했다.... ",2026-05-20 12:33:00+09:00,2026.0,보이스피싱 피해,"유통조직 총책 2명 등 149명 검거 보이스피싱 등 범죄수익 1170억원 세탁 3개 폭력조직원 8명도 가담 핵심 27명엔 범죄단체조직죄 등 적용 범죄수익금 약 14억원 기소 전 몰수 중국에 거점을 둔 자금세탁 범죄조직에게 계좌당 1500∼2000만원을 받고 대포통장을 공급한 대포통장 유통조직 일당이 경찰에 검거됐다. 이들은 대포통장을 유통한 뒤 계좌가 지급정지되면 금융기관이나 피해자들에게 직접 연락해 해제를 요청하는 등 ‘애프터서비스(AS)’도 수행했다. 경찰에 검거된 두 조직이 테더(USDT) 코인, 상품권, 환전 송금 방법으로 세탁한 범죄수익금은 약 1170억원에 달하는 것으로 나타났다. 서울경찰청 광역범죄수사대는 지난해 6월부터 지난달까지 조직 총책 등 149명을 범죄수익은닉규제법 위반 등 혐의로 검거해 검찰에 송치했다고 20일 밝혔다. 이들 중 가담 정도가 중한 7명은 구속 송치했으며, 핵심 조직원 27명에 대해선 형법상 범죄단체조직·활동죄를 추가 적용했다. 경찰이 압수한 범행 수익. 서울경찰청 제공. ◆대포통장 공급하다 자금세탁에도 가담 경찰에 따르면 국내에서 대포통장을 유통하는 A조직은 2024년 3월 지역 선후배 등으로 구성된 범죄단체를 조직해 지난해 5월까지 다른 범죄단체에 대포통장을 공급했다. A조직은 각 지역의 은행을 돌면서 대포통장을 개설했다. 1일 이체 한도가 100만원인 신규 계좌의 한도 제한을 해제하기 위해 허위 세금계산서·물품공급계약서 등을 작성해 은행에 제출한 것으로 조사됐다. 이렇게 개설된 대포통장은 계좌당 1500∼2500만원을 받고 다른 범죄조직에 공급했으며, 자신들이 공급한 계좌가 지급정지되면 허위 차용증을 금융기관에 제출해 지급정지 해제를 시도했다. ‘사후관리’까지 맡은 것이다. 중국 심천 지역에 거점을 둔 자금세탁 범죄조직(B조직)에 대포통장을 공급하던 A조직은 지난해 3월부터 하부 조직원들을 현지로 직접 파견해 자금세탁 범행에 가담시키고 범죄수익을 공유하는 방식으로 범행 수법을 고도화했다. A조직이 B조직에 공급한 대포통장에 입금된 범죄수익금은 총 310억원, B조직이 사용한 대포통장에 입금된 범죄수익금은 총 860억원 상당이다. 대부분 보이스피싱이나 투자사기, 리딩사기로 인한 피해금이다. 이들은 경찰 수사에 대비해 텔레그램 대화방을 만들어 준비했고, 대화방 캡쳐본을 수사팀에 제출하는 방식으로 조직적인 범행 은폐를 시도하기도 했다. “구글 광고 텔레그램 아이디를 보고 1대 1 대화방에서 대출을 받으려다가 속아서 계좌를 개설했다”는 취지의 대화를 나누는 식이다. 경찰은 20대 후반인 A조직의 총책 2명을 검거했다. 경찰 관리 대상인 3개 폭력조직의 조직원 8명도 A조직에 가담한 혐의로 검거됐다. 일명 ‘왕회장’이라고 불리는 B조직의 총책은 중국에 체류 중인 것으로 파악됐다. 경찰은 왕회장에 대한 체포영장을 발부받아 인터폴 적색수배 및 여권 무효화 조치한 상태다. ◆자금 세탁 대세 된 ‘테더 코인’ 점검해야 코인 송금, 상품권 업체 가장, 기타 계좌이체 방식으로 범행에 가담한 송금·인출책 116명에게는 특정금융정보법·전자금융거래법 위반 혐의가 적용됐다. 코인 송금책은 자신의 계좌로 피해금을 받아 코인을 매입한 후 송금하는 방식으로 범행에 가담했다. 송금책은 입금 금액의 1∼3%, 거래실적 대비 1000∼5000만원 상당의 ‘대출 지원금’을 대가로 약속 받았다. 가장 많은 금액을 송금한 사람은 36억원을 송금했는데, 3000만원 이상의 수수료를 받았을 것으로 추산된다. 코인 송금책의 대부분(62%)은 20∼30대였다. 자금 세탁 유형으로는 테더 코인(USDT)을 이용한 비율이 72%에 달했다. 박구락 서울경찰청 광역범죄수사대 6계장은 “(범죄수익이) 해외거래소로 이동해 해외 통화로 환전돼 버리면 추적이 어려운 점 때문에 코인을 이용한 자금세탁이 더 많아지는 것으로 보인다”며 “현재 강화된 출금지연 제도가 시행 중이나 가상자산을 활용한 피싱 범죄수익금 세탁이 끊이지 않고 있는 실정이기 때문에 관계당국은 가상자산 거래소 현황 파악과 지속적 점검이 필요하다”고 말했다. 출금지연 제도는 신규 이용자 등이 매수한 가상자산을 외부로 출금하는 것을 72시간 동안 제한하는 제도다. 경찰은 수사 과정에서 확보한 범죄수익금 13억8000만원 상당을 기소 전 몰수·추징 보전했다.",기타,,,,,2026.0,
‘대포통장 유통’ 1170억원 범죄 수익 세탁…한·중 조직 149명 검거,https://n.news.naver.com/mnews/article/081/0003645392?sid=102,https://www.seoul.co.kr/news/society/2026/05/20/20260520500104?wlog_tag3=naver,보이스피싱과 투자 리딩 사기 등으로 챙긴 범죄수익금 약 1170억원을 국내 대포통장과 가상자산(암호화폐)... 이들은 텔레그램 광고 등을 보고 대출을 받기 위해 연락한 피해자들에게 ‘은행 인증번호를 알려 달라’고 한... ,2026-05-20 12:30:00+09:00,2026.0,보이스피싱 피해,"보이스피싱·리딩사기 수익 세탁 국내 대포통장 조직, 중국 조직과 결탁 코인 송금 72%…상품권 업체도 가장 허위 계약서로 이체 한도 제한 회피 범죄수익 13억 8000만원 몰수·보전 자금 세탁 조직의 범죄 수익. 서울경찰청 제공. 보이스피싱과 투자 리딩 사기 등으로 챙긴 범죄수익금 약 1170억원을 국내 대포통장과 가상자산(암호화폐), 상품권 등으로 세탁한 한중 범죄조직이 경찰에 적발됐다. 국내 대포통장 유통조직과 중국 거점 자금세탁 조직이 결탁해 범죄수익금을 빼돌리는 수법을 고도화한 것으로 조사됐다. 서울경찰청 광역범죄수사대는 범죄수익은닉규제법 위반 등 혐의로 국내 대포통장 유통조직과 중국 자금세탁 조직원 등 149명을 검거해 검찰에 넘겼다고 20일 밝혔다. 이 중 7명은 구속 송치됐고, 핵심 조직원 27명에게는 형법상 범죄단체조직·활동죄도 추가로 적용됐다. 국내 조직은 2024년 3월부터 대부분 20~30대로 구성된 조직원을 통해 대포통장을 개설·모집한 뒤 피싱 등 다른 범죄조직에 넘긴 혐의를 받는다. 지난해 5월까지 이들 대포통장에 입금된 범죄수익금은 310억원으로 조사됐다. 이번 범행에는 또 다른 폭력조직원들도 가담한 것으로 파악됐다. 중국 선전에 본거지를 둔 조직은 지난해 8월쯤부터 국내외 조직과 연계해 범죄수익금을 세탁한 혐의를 받는다. 경찰은 이 조직이 사용한 대포통장에 입금된 범죄수익금을 860억원으로 추정하고 있다. 조직원을 제외한 116명은 아르바이트 형식으로 범죄수익을 가상자산 거래소를 통해 세탁해 주고 수수료를 받은 것으로 조사됐다. 이들 대부분은 범죄수익금이라는 사실을 모른 채 범행에 가담한 것으로 경찰은 보고 있다. 초기에는 국내 조직이 중국 조직에 대포통장만 공급했지만, 지난 3월부터는 국내 조직원이 중국 현지까지 파견된 것으로 드러났다. 국내 조직은 인력을 보내는 대가로 중국 조직에서 3~6%의 수수료를 받은 것으로 조사됐다. 한국 조직원과 중국 조직원 사이의 대화 내용. 서울경찰청 제공 이들은 텔레그램 광고 등을 보고 대출을 받기 위해 연락한 피해자들에게 ‘은행 인증번호를 알려 달라’고 한 뒤 조직원 휴대전화에 은행 애플리케이션(앱)을 설치했다. 계좌가 지급정지되면 금융기관이나 피해자에게 직접 연락해 해제를 요청했고, 비대면으로 개설한 계좌에 대해서는 허위 차용증 등을 제출해 정상 거래인 것처럼 꾸몄다. 은행의 신규 계좌 1일 이체 한도 제한을 피하려고 허위 세금계산서와 물품공급계약서 등을 제출해 한도를 풀기도 했다. 이들이 자금세탁 과정에서 만든 유령 법인 계좌는 62개로 확인됐다. 경찰 수사에 대비해 “구글 광고 텔레그램 아이디를 보고 대출을 받으려다 속아 계좌를 개설했다”는 식의 허위 대화방을 만들어 명의자에게 제출하도록 한 정황도 발견됐다. 자금세탁에는 가상자산이 주로 활용됐다. 경찰이 확인한 자금세탁 유형은 테더(USDT) 등 코인 송금이 72%로 가장 많았다. 중국 자금세탁 조직은 대표 계좌가 정상적으로 거래되는 것처럼 보이도록 각종 후원회·단체·협동조합 명목으로 1000~1만원씩 소액을 지속해서 송금하기도 했다. 경찰은 수사 과정에서 확인한 범죄수익금 13억 8000만원 상당을 기소 전 몰수·추징 보전하고, 탈세 추정액 1170억원을 국세청에 통보했다. 중국에 머무는 자금세탁 조직 총책에 대해서는 체포영장을 발부받아 인터폴 적색수배와 여권 무효화 조치를 했다. 경찰 관계자는 “수수료를 받기로 하고 자신의 계좌로 타인의 자금을 가상자산으로 전송하면 현행법상 처벌받을 수 있다”며 “이런 돈은 대부분 범죄수익이니 연루되지 않도록 주의해야 한다”고 당부했다.",기관사칭형,20~30대,,,,2026.0,은행 인증번호 요구와 허위 차용증 제출을 통한 신뢰도 조성
"광주경찰, 보이스피싱 피해액 64% 감소",https://www.mhns.co.kr/news/articleView.html?idxno=747932,https://www.mhns.co.kr/news/articleView.html?idxno=747932,"더쎈뉴스 / The CEN News 반정미 기자  |   광주경찰청은 올해 1월부터 4월까지 보이스피싱 범죄를 분석한 결과, 지난해 같은 기간보다 발생 건수는 47.8%, 피해액은 64% 감소했다고 밝혔다. 올해 1~4월 광주지역 보이스피싱... ",2026-05-20 12:28:00+09:00,2026.0,보이스피싱 피해,기자명 반정미 기자 입력 2026.05.20 12:28 댓글 0,,,,,,,
"[보험업계 동향] 삼성화재ㆍKB손해보험ㆍDB생명,ㆍKB라이프(5.20)",http://www.weeklytoday.com/news/articleView.html?idxno=776427,http://www.weeklytoday.com/news/articleView.html?idxno=776427,금융 범죄 노출 막는 생활 교육 병행 올해 행사에서는 신체 안전을 지키는 교통 교육뿐 아니라 일상 속 금융사기 피해를 예방하기 위한 교육도 함께 진행됐다. 어르신들이 취약할 수 있는 보이스피싱의 최신 유형과... ,2026-05-20 12:24:00+09:00,2026.0,보이스피싱 피해,기자명 홍정기 기자 입력 2026.05.20 12:23 댓글 0,,,,,,,
"경북농협, 고령층 금융사기 예방교육·우유 소비 캠페인 실시",https://www.dkilbo.com/news/articleView.html?idxno=544841,https://www.dkilbo.com/news/articleView.html?idxno=544841,"이번 행사는 고령층 대상 보이스피싱 피해를 예방하고 소비 침체로 어려움을 겪는 낙농가를 지원하고자 마련됐다. 이날 칠곡군 대한노인회 회원 100여 명을 대상으로 최근 발생한 주요 금융사기 사례, 의심 상황별 대처... ",2026-05-20 12:20:00+09:00,2026.0,보이스피싱 피해,기자명 조봉현 기자 입력 2026.05.20 12:10 댓글 0,,,,,,,
‘대출사기 당했다’ 허위 시나리오까지…1천억대 자금세탁 조직 검거,https://n.news.naver.com/mnews/article/056/0012184723?sid=102,https://news.kbs.co.kr/news/pc/view/view.do?ncd=8565816&ref=A,"이들이 세탁한 범죄수익금 규모는 천170억 원가량, 대부분 보이스피싱과 투자리딩 사기 피해금이었습니다. 이들은 대포통장으로 피해금을 받은 뒤, 테더코인을 사들여 송금하거나 단순한 상품권 거래로 위장해 자금을... ",2026-05-20 12:13:00+09:00,2026.0,보이스피싱 피해,"[앵커] 중국 자금세탁 조직과 손잡고 천억 원대 범죄수익금을 세탁한 국내 대포통장 유통 조직이 경찰에 붙잡혔습니다. 가상화폐를 이용해 범죄수익을 세탁하고, 조직폭력배까지 가담한 것으로 드러났습니다. 이화진 기자입니다. [리포트] 중국 자금세탁 조직과 연계된 국내 대포통장 유통 조직이 경찰에 적발됐습니다. 서울경찰청 광역수사단은 국내 조직원과 중국 자금세탁 조직원, 코인 송금책 등 모두 149명을 검거하고, 이 가운데 7명을 구속했다고 밝혔습니다. 이들이 세탁한 범죄수익금 규모는 천170억 원가량, 대부분 보이스피싱과 투자리딩 사기 피해금이었습니다. 이들은 대포통장으로 피해금을 받은 뒤, 테더코인을 사들여 송금하거나 단순한 상품권 거래로 위장해  자금을 세탁했습니다. 특히 전체 자금세탁 규모의 72%가 가상 자산을 이용한 방식이었는데, 경찰은 코인 송금이 범죄수익 세탁의 주요 수단으로 자리 잡았다고 설명했습니다. 이들은 또 신규 계좌의 하루 이체 한도 제한을 풀기 위해 허위 세금계산서와 물품 공급 계약서를 은행에 제출하기도 했습니다. 대포 계좌가 정상 작동하는지 확인하려고 후원회나 협동조합 등에 소액을 반복해 송금하는 이른바 ‘계좌 테스트’도 벌였습니다. 이들은 경찰 수사에 대비해 “대출을 받으려다 속아 계좌를 만들었다”는  허위 시나리오를 준비한 뒤, 명의자들에게 가짜 텔레그램 대화방 캡처본을 수사기관에 제출하게 했습니다. 경찰은 확보한 13억 8천만 원 상당 범죄수익에 대한 몰수·추징보전 조치와 함께, 중국에 체류 중인 총책에 대해선 인터폴 적색수배와 여권 무효화 조치를 했다고 밝혔습니다. KBS 뉴스 이화진입니다. 영상편집:박주연/화면제공:서울경찰청 ■ 제보하기 ▷ 전화 : 02-781-1234, 4444 ▷ 이메일 : kbs1234@kbs.co.kr ▷ 카카오톡 : 'KBS제보' 검색, 채널 추가 ▷  유튜브, 다음에서도 KBS뉴스를 구독해주세요!",기타,,,,,2026.0,
“저희 합법인데요?” 경찰 대응 강령 만들고 1170억 세탁… 韓·中 범죄...,https://n.news.naver.com/mnews/article/023/0003977455?sid=102,https://www.chosun.com/national/national_general/2026/05/20/BLXQ2XK7ERHVXO36MDNVGNRXUM/?utm_source=naver&utm_medium=referral&utm_campaign=naver-news,유통하고 보이스피싱과 사기 범죄 등으로 벌어들인 범죄수익금 1170억을 세탁한 한국·중국 범죄 조직원들이... 조직원들이 유통한 계좌만 80여 개에 입금된 사기 피해금 액수는 총 1170억원으로 조사됐다. 일당의... ,2026-05-20 12:09:00+09:00,2026.0,보이스피싱 피해,"대포통장 유통, 피싱·사기 수익금 세탁 범죄 가담 인지 못한 일반인도 다수 검거 中 체류 추정 한국인 총책 추적 중 대포통장 국내 유통조직원의 자금세탁 범죄수익금/서울경찰청 광역수사단 불법 대포통장을 유통하고 보이스피싱과 사기 범죄 등으로 벌어들인 범죄수익금 1170억을 세탁한 한국·중국 범죄 조직원들이 경찰에 무더기로 적발됐다. 20일 서울경찰청 광역범죄수사대는 최근 국내 대포통장 유통 조직과 중국 심천 거점 자금세탁 조직 일당 등 총 149명을 범죄수익은닉규제법, 전자금융거래법 위반 등 혐의로 송치하고 이 중 7명을 구속했다고 밝혔다. 이번에 검거된 인원 상당수(116명)는 자신이 범죄에 가담한 사실조차 몰랐던 일반인이다. 경찰은 범행을 주도한 핵심 조직원 27명에게는 범죄단체조직·활동 혐의를 추가 적용해 검찰에 넘겼다. 또한 조직원들이 벌어들인 범죄수익금 중 13억8000만원에 대해선 기소 전 몰수·추징 보전이 이뤄졌다. 대포통장 한도 제한 해제 과정의 대화 내용/서울경찰청 광역수사단 경찰에 따르면 이들은 2024년 3월부터 이듬해 8월까지 보이스피싱, 투자·리딩 사기 등으로 얻은 범죄수익금 약 1170억원을 가장자산인 테더(USDT), 상품권 가장 매매, 환전 송금 등의 수법으로 은닉·가장한 혐의를 받는다. 당초 20대 총책이 지역 선·후배를 모아 결성한 국내 범죄 조직은 대포통장을 개설해 다른 조직에 공급하는 등 범죄수익금 310억원을 유통해왔다. 그러다 지난해 3월부터 중국 범죄 조직에 조직원들을 파견해 피싱·자금세탁 범죄에 가담하고 수익금을 나눠 받으며 연대하기 시작했다. 대포통장 개설용 유령법인 명의로 허위 작성한 부동산 임대차 계약서/서울경찰청 광역수사단 이 과정에서 경찰 관리 대상인 국내 3개 파 조직폭력배 8명이 합류해 대포통장 유통과 자금세탁을 주도하기도 했다. 조직원들이 유통한 계좌만 80여 개에 입금된 사기 피해금 액수는 총 1170억원으로 조사됐다. 일당의 자금세탁에는 추적이 어려운 테더(USDT)가 72%로 가장 많이 활용됐으며, 가짜 상품권 매매업체를 통한 환전 방식이 19%로 그 뒤를 이었다. 이들은 은행 이체 한도 제한을 해제하려는 목적으로 허위 세금계산서와 물품공급계약서 등을 조작해 금융기관에 제출하기도 했다. 또한 대포통장이 정상 작동하는지 시험하기 위해 각종 단체나 협동조합 등에 1000원에서 1만원 상당을 반복 송금했다. 대포통장 유통조직이 조직원을 중국 심천 현지로 파견하는 대화 내용/서울경찰청 광역수사단 경찰 추적에 대비한 ‘행동 강령’도 조직원들에게 내렸다. 대포통장 명의자들에게 ‘대출 사기를 당해 계좌를 개설했다’는 정황이 담긴 텔레그램 대화방을 미리 개설하게 한 것이다. 이들은 실제 경찰 조사에서 해당 대화방 캡처본을 제출해 범행을 숨기려 했다. 한편 중국 심천에 체류 중인 것으로 파악된 한국인 총책 김모(48·활동명 ‘왕회장’)씨에 대해선 인터폴 적색수배 및 여권 무효화 조치가 내려졌다. 경찰은 범죄수익 추정액 전액을 국세청에 통보하는 한편, 나머지 조직원들에 대해서도 추적을 이어갈 방침이다.",기관사칭형,,,,149.0,2026.0,
KB손보 폐지수거 어르신 안전 지원,https://www.newsclaim.co.kr/news/articleView.html?idxno=3064200,https://www.newsclaim.co.kr/news/articleView.html?idxno=3064200,아울러 일상생활에서 쉽게 노출될 수 있는 보이스피싱 등 각종 금융사기 피해 예방 및 대응 방법에 대한 교육도 병행해 참석자들에게 큰 호응을 얻었습니다. 지난 2018년부터 시작된 이 캠페인은 상시 교통사고 위험에... ,2026-05-20 12:04:00+09:00,2026.0,보이스피싱 피해,기자명 박규리 기자 입력 2026.05.20 12:02 댓글 0,,,,,,,
'1170억 범죄수익' 테더코인 세탁…한·중 거점 조직 일망타진,https://n.news.naver.com/mnews/article/018/0006285896?sid=102,http://www.edaily.co.kr/news/newspath.asp?newsid=03384966645450888,"해당 자금은 대부분 보이스피싱·투자사기·리딩사기 등으로 발생한 피해금으로 드러났다. 두 조직은 초기 단순한 대포통장 공급 관계였으나, 지난해 3월부터는 ‘ㄱ’ 조직원들이 중국 현지에 직접 파견돼 피싱과... ",2026-05-20 12:02:00+09:00,2026.0,보이스피싱 피해,"범죄수익은닉규제법 위반 149명 검거…7명 구속 대포통장 유통·자금세탁 범죄 조직이 연계해 범행 1170억 은닉…테더코인 송금 등 자금세탁 시도 [이데일리 이유림 기자] 중국에 거점을 둔 자금세탁 범죄조직과 연계해 대규모 대포통장을 유통하고 범죄수익을 세탁한 일당이 경찰에 무더기로 적발됐다. 이들 조직에는 국내 조직폭력배도 가담한 것으로 확인됐다. 대포통장(사진= 연합뉴스) 서울경찰청 광역수사단 광역범죄수사대는 범죄수익은닉규제법 위반 등의 혐의로 총책 등 관련자 149명을 검거하고 이 중 7명을 구속해 송치했다고 19일 밝혔다. 핵심 조직원 27명에게는 형법상 범죄단체조직·활동죄가 추가로 적용됐다. 경찰에 따르면 국내 대포통장 유통 범죄조직 ‘ㄱ’은 중국 심천 지역에 거점을 둔 자금세탁 범죄조직 ‘ㄴ’과 연계해 2024년 3월부터 지난해 8월까지 약 1170억 원 상당의 범죄수익금을 은닉·가장한 혐의를 받는다. 이 중 ‘ㄱ’ 조직이 공급한 계좌에 입금된 금액은 310억 원, 중국 ‘ㄴ’ 조직이 사용한 계좌에 입금된 금액은 860억 원 상당이다. 해당 자금은 대부분 보이스피싱·투자사기·리딩사기 등으로 발생한 피해금으로 드러났다. 두 조직은 초기 단순한 대포통장 공급 관계였으나, 지난해 3월부터는 ‘ㄱ’ 조직원들이 중국 현지에 직접 파견돼 피싱과 자금세탁 범행에 가담한 것으로 조사됐다. 이를 통해 3~6%의 수수료를 받은 것으로 나타났다. 여기에 경찰 관리 대상 폭력조직원 8명도 범행에 동참했다. 이들은 대포통장을 다른 범죄조직에 유통하며 중간 수수료를 챙기거나, 조직에 직접 가입해 모집 및 자금세탁 활동을 벌인 혐의를 받는다. 경찰은 이들 중 3명을 구속했다. 이들은 금융권의 신규 계좌 1일 이체한도 제한(100만 원 이내)을 우회하기 위해 허위 세금계산서와 물품공급계약서를 작성해 은행에 제출하는 치밀함을 보였다. 대포계좌가 정상적으로 작동하는지 확인하기 위해 각종 후원회나 단체, 협동조합 등에 1000원~1만 원 상당의 소액을 반복 송금해 보기도 했다. 범죄조직원들이 신규계좌의 1일 이체 한도 제한을 풀기 위해 은행 창구 상황을 실시간으로 공유하는 카카오톡 대화 내용(사진= 서울경찰청 제공) 사후 관리와 수사 방해 시나리오도 미리 준비했다. 대포통장이 지급정지되면 금융기관이나 피해자에게 연락해 해제를 요청했고, 비대면 개설 계좌는 허위 차용증을 제출해 지급정지 해제를 시도했다. 수사에 대비해서는 “구글 광고를 보고 텔레그램으로 대출을 받으려다 속아서 계좌를 개설했다”는 내용의 가짜 대화방 캡처본을 만들어 명의자들에게 조사 시 제출하도록 지침을 내렸다. 전체 자금세탁 기법 중에는 테더코인(USDT)을 활용한 가상자산 송금이 72%로 가장 높은 비중을 차지했다. 이어 상품권 업체를 가장한 방식이 19%, 기타 계좌이체 등이 9%로 집계됐다. 경찰은 수사 과정에서 확보한 범죄수익금 중 13억 8000만 원 상당을 기소 전 몰수·추징 보전 조치하고, 탈세 추정액 1170억 원에 대해서는 국세청에 통보했다. 아울러 중국에 체류 중인 ‘ㄴ’ 조직 총책 김모 씨(일명 왕회장)에 대해 체포영장을 발부받아 인터폴 적색수배 및 여권 무효화 조치를 취하고 나머지 조직원을 추적 중이다. 경찰 관계자는 “수수료를 대가로 타인의 자금을 입금받아 가상자산을 구매·전송 대행하는 행위는 특정금융거래정보법상 처벌 대상이 될 수 있다”며 주의를 당부했다. 한편 경찰은 이번 사건을 계기로 △정상 거래를 가장한 지급정지 이의신청 심사 기준 강화 △상품권 매매업자의 특정금융정보법상 자금세탁 방지의무 주체 편입 △가상자산 거래소의 출금지연 제도 점검 등을 관계 당국에 제도 개선 방안으로 제언했다.",기타,,,,,2026.0,
